-- phpMyAdmin SQL Dump
-- version 5.2.1
-- https://www.phpmyadmin.net/
--
-- Host: 127.0.0.1
-- Waktu pembuatan: 27 Nov 2023 pada 23.42
-- Versi server: 10.4.32-MariaDB
-- Versi PHP: 8.2.12

SET SQL_MODE = "NO_AUTO_VALUE_ON_ZERO";
START TRANSACTION;
SET time_zone = "+00:00";


/*!40101 SET @OLD_CHARACTER_SET_CLIENT=@@CHARACTER_SET_CLIENT */;
/*!40101 SET @OLD_CHARACTER_SET_RESULTS=@@CHARACTER_SET_RESULTS */;
/*!40101 SET @OLD_COLLATION_CONNECTION=@@COLLATION_CONNECTION */;
/*!40101 SET NAMES utf8mb4 */;

--
-- Database: `voluntrek`
--

-- --------------------------------------------------------

--
-- Struktur dari tabel `admin`
--

CREATE TABLE `admin` (
  `id_admin` int(11) NOT NULL,
  `nama` varchar(255) NOT NULL,
  `email` varchar(255) NOT NULL,
  `password` varchar(255) NOT NULL
) ENGINE=InnoDB DEFAULT CHARSET=utf8mb4 COLLATE=utf8mb4_general_ci;

--
-- Dumping data untuk tabel `admin`
--

INSERT INTO `admin` (`id_admin`, `nama`, `email`, `password`) VALUES
(1, 'admin', 'admin@gmail.com', 'admin123');

-- --------------------------------------------------------

--
-- Struktur dari tabel `berita`
--

CREATE TABLE `berita` (
  `id_berita` int(11) NOT NULL,
  `judul` varchar(100) NOT NULL,
  `deskripsi` text NOT NULL,
  `image` varchar(255) DEFAULT NULL
) ENGINE=InnoDB DEFAULT CHARSET=utf8mb4 COLLATE=utf8mb4_general_ci;

--
-- Dumping data untuk tabel `berita`
--

INSERT INTO `berita` (`id_berita`, `judul`, `deskripsi`, `image`) VALUES
(1, '5 Kegiatan Volunteer yang Buka Pendaftaran November 2023', 'Surabaya - Kegiatan volunteer atau sukarelawan sering diselenggarakan, baik untuk masyarakat umum maupun kalangan mahasiswa hingga pelajar. Ada yang bergerak di bidang pendidikan, kesehatan, sosial, budaya, dan sebagainya.\r\nDalam KBBI, sukarelawan adalah orang yang melakukan sesuatu dengan sukarela (tidak karena diwajibkan atau dipaksakan). Sukarelawan berperan dalam membantu pelaksanaan program yang ditujukan demi kepentingan orang banyak, sehingga dapat berjalan lancar.\r\n\r\nKegiatan Volunteer Bulan November 2023\r\n\r\nBagi detikers yang tertarik mencari pengalaman, berikut daftar kegiatan volunteer yang buka pendaftaran bulan November 2023. Pilih kegiatan yang paling kamu minati.\r\n\r\n1. IEP Indonesia Batch 2\r\nIEP Indonesia atau Internship Experience Program Indonesia merupakan platform yang memberikan pemahaman secara teoritis dan pengamalan bekerja dalam ranah profesional. Sehingga dapat menghasilkan para talenta berpengalaman yang siap bersaing di dunia profesional.\r\n\r\nPendaftaran volunteer IEP Indonesia Bacth 2 dibuka mulai 10-22 November 2023. Posisi yang tersedia di antaranya Human Resource Development, Project Officer, Public Relation, Administration and Finance, Social Media Specialist, Graphic Design, Content Creator, dan Video Editor.\r\n\r\nKegiatan ini terbuka bagi para pelajar, mahasiswa, gap year, maupun masyarakat umum yang siap berkomitmen mengikutinya secara WFH selama tiga bulan. Tentunya, ada banyak benefit yang dapat diperoleh peserta.\r\n\r\n2. Global Youth Ambassador Goes To Labuan Bajo\r\nGlobal Youth Ambassador adalah komunitas yang mewadahi generasi muda, baik tingkat nasional maupun internasional. Volunteer ini bertujuan mengembangkan diri dan memberikan kontribusi positif kepada masyarakat di bidang ekonomi, pendidikan, dan lingkungan sosial.\r\n\r\nPada angkatan ke-9, kegiatan ini mengusung tema \"A Million Steps to Sharing Happiness\", dengan melakukan pengabdian ke Kampung Komodo, Manggarai Barat, Nusa Tenggara Timur, mulai tanggal 20-29 Januari 2024. Di sana, para volunteer akan berfokus pada serangkaian tindakan penyebaran kebahagiaan.\r\n\r\nBagi kamu yang berusia 16-25 tahun dan tertarik untuk mengikutinya, segera daftarkan diri sebelum tanggal 26 November 2023. Dua orang beruntung akan mendapatkan benefit berupa akomodasi transportasi dan pembebasan biaya program.\r\n\r\nBaca juga:\r\nHebat! Anak Petani Ponorogo Lolos Masuk 6 Kampus Luar Negeri\r\n3. Sapa Indonesia 3\r\nSapa Indonesia (Sahabat Pengabdian Indonesia) adalah salah satu organisasi yang bergerak di bidang pengabdian atau proyek sosial masyarakat lainnya, seperti pendidikan, kesehatan, lingkungan, dan sosial budaya. Generasi muda diajak berkontribusi dalam memaksimalkan sumber daya dan potensi daerah.\r\n\r\nSapa Indonesia 3 kembali membuka pendaftaran kegiatan volunteer mulai 25 Oktober-25 November 2023 dengan berbagai pilihan divisi. Kegiatan ini akan diselenggarakan pada 13-20 Januari 2024 di Desa Gili Gede, Kecamatan Sekotong, Kabupaten Lombok Barat, Nusa Tenggara Barat.\r\n\r\nKegiatan Sapa Indonesia 3 juga membuka seleksi jalur Fully Funded, di mana calon peserta yang terpilih akan dibebaskan biaya keikutsertaan program. Selain pengalaman, para peserta berkesempatan mendapatkan penghargaan spesial berupa paket wisata gratis ke Pulau Dewata Bali.\r\n\r\n4. Im Inclusive by Saraswati Learning Center\r\nSaraswati Learning Center (SLC) adalah organisasi non-profit yang berfokus pada anak-anak berkebutuhan khusus dari usia baru lahir sampai 18 tahun ke atas. Organisasi ini telah beroperasi sejak bulan Juli 2016.\r\n\r\nBagi yang sudah berusia 17 tahun ataupun lebih, dapat segera mendaftarkan diri menjadi bagian dari peserta volunteer Im Inclusive. Kegiatan ini juga untuk memperingati Hari Disabilitas Internasional di Kementerian Sosial pada 9 Desember 2023 pukul 15.00 WIB.\r\n\r\nTerdapat berbagai pilihan divisi mulai dari Liasion Officer, dokumentasi, Usher, Operator Audio & Visual, backstage, dan penerima tamu. Pendaftaran akan ditutup apabila kuota sudah terpenuhi. Jadi, tunggu apalagi? Segera daftarkan diri.\r\n\r\nBaca juga:\r\nMahasiswa ITS Ini Raih Beasiswa ke AS berkat Aktif di Gerakan Sosial\r\n5. Rumah Baca Asma Nadia\r\nRumah Baca Asma Nadia merupakan komunitas edukasi anak dan pemuda di bidang literasi, bahasa Inggris, kesenian, dan lingkungan. Bagi pelajar SMA maupun mahasiswa yang berdomisili di Kota/Kabupaten Malang, dapat segera mendaftarkan diri.\r\n\r\nPendaftaran volunteer mulai 12-30 November 2023. Ada banyak benefit yang diperoleh, seperti pelatihan mengajar, pelatihan bahasa Inggris, pengalaman berharga, sertifikat, relasi, surat aktif, serta surat rekomendasi.', 'https://akcdn.detik.net.id/community/media/visual/2022/12/31/ilustrasi-volunteer_169.jpeg?w=700&q=90'),
(2, 'Pendaftaran Relawan Pekan Kebudayaan Nasional 2023 Dibuka, Begini Syaratnya', 'Jakarta - Pendaftaran relawan Pekan Kebudayaan Nasional (PKN) 2023 dibuka sampai 20 September 2023. Detikers usia 20-28 tahun yang memenuhi syarat bisa mendaftar.\r\nPekan Kebudayaan Nasional merupakan platform aksi bersama dan ruang bagi keberagaman ekspresi budaya. Festival ini diharapkan mendorong interaksi untuk memperkuat kebudayaan yang inklusif.\r\n\r\nSebelumnya pada PKN 2021, gelaran ini membahas arsitektur nusantara, kain nusantara, desain interior, industri konten, kitab nusantara, musik nusantara, hingga pangan di sinema Tanah Air. Ada juga konser interaktif, kelas, dan kompetisi sandang-pangan-papan nusantara.\r\n\r\nSyarat Pendaftaran Relawan PKN 2023\r\nDikutip dari laman Direktorat Jenderal Kebudayaan, Kemdikbud RI, berikut syarat lengkap dan cara daftar relawan Pekan Kebudayaan Nasional 2023:\r\n\r\nWarga Negara Indonesia berusia 20 - 28 tahun\r\nMemiliki pengalaman di bidang event atau organisasi\r\nKomunikatif, teliti, informatif, dan cekatan\r\nMampu bekerjasama dengan tim\r\nMampu berkomunikasi dalam Bahasa Inggris\r\nBerkomitmen untuk meluangkan waktu selama kegiatan berlangsung\r\nKriteria Khusus\r\nMemiliki kepekaan dan pengalaman dalam mendampingi penyandang disabilitas\r\nMemiliki pengetahuan tentang seni dan sejarah seni\r\nMemahami permainan papan\r\nBisa menghidupkan suasana\r\nPercaya diri saat berbicara depan kamera\r\nBerdomisili di Jabodetabek\r\nDokumen Pendaftaran\r\nDaftar Riwayat Hidup\r\nFoto KTP\r\nPas foto yang menunjukkan identitas budaya (bukan selfie)\r\nSertifikat kepanitiaan (jika ada)\r\nPendaftaran relawan PKN 2023 dibuka secara daring. Siapkan dokumen pendaftaran dan kirim ke email sekretariat.pkn@kemdikbud.go.id dengan subjek Siap PKN 2023.', 'https://akcdn.detik.net.id/community/media/visual/2023/09/06/pkn_43.png?w=700&q=90'),
(3, 'Cerita Pengalaman Volunteer FIBA World Cup 2023: Banyak yang Berkesan', 'Jakarta - Kontribusi para volunteer menjadi salah satu aspek kesuksesan FIBA World Cup 2023. Pasalnya, kehadiran mereka membantu pelaksanaan piala dunia basket ini berjalan lancar dan baik, termasuk memberikan pelayanan terbaik kepada para penonton dan media.\r\nDalam pertandingan Kanada-Brasil, Jumat (1/9), Yessica Stephanie (21) terpilih menjadi volunteer of the game. Dia terpilih berdasarkan hasil masukan media, baik dalam dan luar negeri, perwakilan tim, dan LOC selama pelaksanaan FIBA World Cup 2023 berlangsung.\r\n\r\nUntuk bisa menjadi volunteer FIBA World Cup terbilang tidak mudah karena harus melalui seleksi dengan berbagai kriteria tertentu. Selain itu, mereka juga harus bisa berbahasa Inggris dengan baik dan memiliki kemampuan menulis.\r\n\r\nMeski demikian, Yessica mengaku senang dapat menjadi bagian acara ini. Pengalaman menyenangkan yang didapatnya pada FIBA Asia Cup 2022 menjadi alasan Yessica untuk kembali mendaftarkan diri di FIBA World Cup 2023.\r\n\r\n\"Sejak awal memang mendaftar di bidang media lagi, tapi sempat diterimanya di bagian marketing. Tapi saat dilihat lagi CV-nya, kebanyakan pengalaman saya menangani media, termasuk di FIBA Asia Cup, hingga dipindahkan lagi ke bagian media,\" ujarnya dalam keterangan tertulis, Sabtu (2/9/2023).\r\n\r\nMahasiswa Universitas Indonesia (UI) jurusan hukum ini mengatakan kemampuan menulis memang menjadi salah satu persyaratan. Sebab saat mendaftar, ia harus menulis tentang kekurangan dalam diri yang bisa menghambat dan kelebihan yang mendukung selama bertugas di ajang ini. Tak hanya itu, ia juga harus menjelaskan tentang dirinya melalui video dengan berbahasa Inggris.\r\n\r\n\"Saat diminta mendeskripsikan diri sendiri, saya menuliskan bahwa saya adalah pribadi yang senang belajar, komunikatif, serta bisa beradaptasi dengan cepat di lingkungan baru. Saya juga bilang bila saya bisa membuat tim ini bekerja bersama-sama tetapi juga tetap bersenang-senang,\" ucapnya.\r\n\r\nSaat kembali diterima menjadi volunteer, Yessica mengaku bahagia karena bisa belajar lebih banyak lagi. Apalagi ia mendapatkan pelatihan langsung dari FIBA, di mana para trainer mengajarkan cara bekerja secara profesional, namun juga bersenang-senang.\r\n\r\n\"Yang aku ingat perkataan trainer FIBA, adalah bahwa kalian orang Indonesia itu sudah ramah pada dasarnya, sehingga dia pun diminta untuk menggunakan keramahan tersebut dalam perhelatan ini,\" ungkapnya.\r\n\r\nIa menambahkan, trainer FIBA merupakan orang yang sama dengan di FIBA Asia Cup. Trainer pun mengaku puas dengan pelayanan LOC dan volunteer media sehingga menginginkan hal positif pada FIBA Asia Cup 2022 bisa diberikannya di FIBA World Cup 2023.\r\n\r\n\"Yang berkesan di sini banyak. Karena kan banyak sekali media dari luar dan dalam negeri, jadi bisa kenal banyak orang dengan kultur yang berbeda, kebiasaan berbeda, dan saling belajar. Macam aku belajar tentang negaranya mereka, dan mereka belajar tentang Indonesia dari aku. Itu pengalaman yang aku dapatkan di sini dan tidak aku dapatkan di mana-mana,\" ungkapnya.\r\n\r\nDua kali menjadi volunteer, Yessica mengaku ketagihan. Walaupun tidak bersinggungan langsung dengan jurusannya di kampus, tapi dia mengaku tidak menutup diri untuk mengeksplor lebih luas lagi ke olahraga lainnya seperti, Indonesia open atau bahkan Piala Dunia FIFA U-17 nanti.', 'https://akcdn.detik.net.id/community/media/visual/2023/09/02/yessica-stephanie.jpeg?w=700&q=90\r\n'),
(4, 'Anti Gabut! Ini 5 Ide Mengisi Waktu Libur Semester bagi Mahasiswa', 'Jakarta - Libur semester merupakan waktu yang ditunggu oleh mahasiswa untuk beristirahat sementara dari hiruk pikuk kegiatan perkuliahan. Namun, dengan jangka waktu libur semester yang lama, terkadang mahasiswa menjadi tidak memiliki kegiatan atau gabut.\r\nAgar masa libur semester tidak hanya dihabiskan untuk bermain games atau menjalankan hobi, mahasiswa bisa mengisinya dengan beberapa kegiatan yang bisa bermanfaat untuk mereka ke depannya, terutama setelah lulus.\r\n\r\nMahasiswa bisa mencoba kegiatan bermanfaat mulai dari hal sederhana hingga kegiatan yang bisa mendapatkan penghasilan. Apa saja contoh kegiatan tersebut?\r\n\r\nMengutip unggahan Instagram @pusdatik.kemnaker, berikut beberapa ide mengisi waktu untuk menghindari kegabutan:\r\n\r\n1. Ikut Magang\r\nSaat ini banyak instansi maupun perusahaan besar yang membuka kesempatan magang bagi mahasiswa. Kegiatan magang tidak hanya dibayar dengan pengalaman saja. Banyak juga perusahaan yang menawarkan gaji memadai.\r\n\r\nSelain perusahaan swasta, perusahaan BUMN hingga instansi pemerintah seperti kementerian sekarang sudah sering membuka lowongan kerja magang bagi mahasiswa. Salah satu program magang dari Kemendikbudristek yang bisa dicoba oleh mahasiswa adalah Magang dan Studi Independen Bersertifikat (MSIB).\r\n\r\n2. Kerja Freelance\r\nPekerjaan freelancer kerap dinilai menghasilkan pendapatan yang tidak menentu. Namun, pekerjaan ini masih worth it untuk mahasiswa yang ingin mengisi waktu libur semester sembari menghasilkan uang untuk jajan.\r\n\r\nKeuntungan menjadi seorang freelancer adalah memiliki waktu yang lebih leluasa. Biasanya freelancer tidak terikat kontrak waktu tertentu dan bekerja sesuai dengan target proyek. Jadi, seorang freelancer bisa mengambil proyek yang ditawarkan atau tidak.\r\n\r\n3. Ikut Kursus\r\nUntuk mendapatkan pekerjaan sebagai fresh graduate memanglah tidak mudah. Terlebih jika belum memiliki pengalaman magang atau kemampuan yang sesuai dengan posisi yang dilamar.\r\n\r\nOleh karena itu, mengikuti kursus atau pelatihan bisa menjadi solusi untuk menyiapkan kemampuan pada saat bekerja nanti. Selama libur semester, mahasiswa bisa ikut kursus gratis atau berbayar dengan memilih topik yang selaras dengan pekerjaan yang ingin dilamar nanti setelah lulus.\r\n\r\n4. Membuka Usaha\r\nTidak harus usaha besar dengan modal besar juga, mahasiswa bisa memulainya dengan cakupan mikro. Mahasiswa bisa membuka usaha yang membutuhkan modal kecil seperti jualan makanan ringan, cemilan, atau kerajinan yang bisa dibuat sendiri.\r\n\r\nJika modal masih menjadi penghalang, mahasiswa tidak perlu khawatir karena saat ini sudah ada sistem dropship. Ide usaha lain yang tanpa memerlukan modal antara lain jasa titip (jastip), affiliate, jasa fotografi wisuda, jasa menulis, dan lainnya.\r\n\r\n5. Menjadi Volunteer\r\nMenjadi relawan atau volunteer tidak menghasilkan pemasukan dan belum tentu mengasasah kemampuan yang berkorelasi langsung dengan kebutuhan saat bekerja nanti. Karena itu, menjadi volunteer butuh panggilan hati dan ketulusan selama mengabdi.\r\n\r\nNamun, kegiatan mengabdi pada masyarakat ini memiliki banyak manfaat juga lho. Contohnya menjadi semakin peka terhadap lingkungan dan manusianya, berkontribusi pada kehidupan masyarakat di suatu wilayah, mengasah kepekaan sosial, menambah relasi, mendapatkan wawasan baru, memiliki pengalaman berharga, dan lainnya.\r\n\r\nNah itu dia 5 ide mengisi waktu libur semester bagi mahasiswa. Sangat bermanfaat, bukan? Detikers mau coba kegiatan yang mana nih?', 'https://akcdn.detik.net.id/community/media/visual/2023/01/18/ilustrasi-magang-kampus-merdeka-1.jpeg?w=700&q=90'),
(5, 'Aktif Gerakan Sosial, Mahasiswa ITS Ini Raih Beasiswa yang Diprakarsai Obama', 'Jakarta - Muhammad Haikal Pramono, mahasiswa Institut Teknologi Sepuluh Nopember (ITS) membagikan pengalamannya sebagai penerima beasiswa Young Southeast Asian Leaders Initiative (YSEALI) Academic Fellowship (AFP) 2023 di Amerika Serikat.\r\nBeasiswa YSEALI merupakan beasiswa yang dicetuskan oleh mantan Presiden Amerika Serikat, Barack Obama. YSEALI memberikan kesempatan bagi delapan pemuda terpilih asal Asia Tenggara untuk bertukar pengalaman dalam hal profesionalitas dan kepemimpinan.\r\n\r\nMelansir situs ITS, tujuan Haikal memperoleh beasiswa ini adalah untuk memotivasi orang lain bahwa kegiatan volunteer bukan sekadar kegiatan sosial saja melainkan wadah untuk mengapresiasi hal tersebut.\r\n \r\n\"Melalui program YSEALI inilah generasi muda diapresiasi atas komitmennya dalam memberikan gerakan dan dampak positif bagi lingkungan sosialnya,\" urainya dalam laman ITS, dikutip pada Sabtu (1/7/2023).\r\n\r\nAda tiga topik pembelajaran yang disediakan beasiswa YSEALI ini yakni Civic Engagement, Environmental Issues, dan Social Entrepreneurship and Economic Development.\r\n\r\nDapat Ilmu soal Peran Masyarakat\r\nSelama lima minggu menjalani beasiswa YSEALI di Amerika Serikat, Haikal mendapat banyak pengetahuan terutama soal peran masyarakat. Ia mempelajari tentang bagaimana masyarakat bisa berperan aktif dalam kebijakan pemerintah lewat gerakan kolaboratif dengan pemerintah.\r\n\r\nSelain itu, Haikal mendapat ilmu baru tentang cara pandang masyarakat dalam menyikapi permasalahan di bidang pendidikan, sustainable development tentang cara mengelola sebuah gerakan, hingga cara penggunaan politik yang baik bagi sebuah gerakan.\r\n\r\nHaikal juga mendapat pengalaman berkunjung beberapa tempat organisasi, pemerintahan, dan yayasan besar di Arizona.\r\n\r\n\"Dari sinilah kita bisa mengetahui langsung bagaimana fungsi dan peran masyarakat dalam gerakan sosial di kota itu,\" ungkapnya.\r\n\r\nAktif dalam Gerakan Sosial\r\n\r\nSelaras dengan tujuannya ikut dalam beasiswa YSEALI untuk memotivasi orang lain menjadi sukarelawan, Haikal pun aktif melakukan gerakan sosial selama menjadi mahasiswa. Bahkan, ia menggagas platform Ajak Gerak yang bertujuan untuk memberi kesempatan pelajar melanjutkan pendidikan.\r\n\r\nPlatform Ajak Gerak didirikan sejak tahun 2023 dan telah memiliki lebih dari 62.000 pengikut di Instagram. Selain itu, platform tersebut telah berkembang menjadi Ajak Jago dan Ajak Belajar.\r\n\r\n\"Ini juga menjadi landasan yang kuat untuk menjadi nilai tambah mengikuti program YSEALI AFP kali ini,\" jelas mahasiswa Departemen Perencanaan dan Wilayah Kota ITS tersebut.\r\n\r\nCara Memperoleh Beasiswa YSEALI\r\nMenurut Haikal, beasiswa YSEALI menjadi salah satu beasiswa yang tahapan seleksinya cukup sederhana. Pasalnya, berkas yang dibutuhkan untuk mendaftar hanya membutuhkan Curriculum Vitae (CV), surat rekomendasi, dan esai.\r\n\r\n\"Jadi bagi mereka yang tidak memiliki sertifikat TOEFL atau bukan mahasiswa berprestasi juga memiliki kesempatan,\" bebernya.\r\n\r\nAdapun CV yang bisa digunakan untuk mendaftar bukan seperti CV pada umumnya yang penuh dengan pengalaman organisasi, pekerjaan, atau prestasi kejuaraan. CV yang digunakan untuk mendaftar beasiswa YSEALI ini berisi pengalaman volunteer atau gerakan sosial.\r\n\r\nSelain itu, esai yang diminta hanya berisikan 250 kata tentang harapan calon awardee setelah mengikuti program beasiswa YSEALI. Setelah lolos pemberkasan, langkah selanjutnya adalah wawancara.\r\n\r\nHaikal berharap akan ada lebih banyak lagi yang mengikuti beasiswa YSEALI dan aktif memberikan dobrakan dalam bidang sosial untuk memajukan negaranya masing-masing.\r\n\r\n\"Diharapkan pula ke depannya makin banyak orang untuk bisa melakukan hal baik dalam bentuk gerakan sosial atau yang lain,\" tuturnya.', 'https://akcdn.detik.net.id/community/media/visual/2023/07/01/mahasiswa-its_169.jpeg?w=700&q=90'),
(6, 'Apakah Relawan KIP Kuliah Merdeka Dapat Uang Saku? Ini Faktanya', 'Jakarta - Direktorat Jenderal Perguruan Tinggi (Ditjen Dikti) Kemdikbudristek membuka pendaftaran relawan KIP Kuliah Merdeka 2023 hingga 31 Desember mendatang. Salah satu pertanyaan yang kerap diajukan yakni apakah ada uang saku untuk para relawan KIP Kuliah.\r\nBantuan KIP Kuliah adalah bantuan yang mencakup uang kuliah, uang pangkal, dan uang saku hingga akhir masa perkuliahan.\r\n Sementara itu, relawan KIP Kuliah Merdeka adalah relawan yang bertugas melakukan sosialisasi dan pendampingan terhadap siswa kelas 12 atau lulusan SMA/SMK/MA/Sederajat tahun 2022 dan 2021 terkait KIP Kuliah.\r\n \r\nSementara itu, relawan KIP Kuliah Merdeka adalah relawan yang bertugas melakukan sosialisasi dan pendampingan terhadap siswa kelas 12 atau lulusan SMA/SMK/MA/Sederajat tahun 2022 dan 2021 terkait KIP Kuliah.', 'https://akcdn.detik.net.id/community/media/visual/2022/12/21/relawan-kip-kuliah-2023.jpeg?w=700&q=90'),
(7, 'Apa Itu Volunteer? Pengertian, Manfaat, dan Contohnya', 'Jakarta - Mendengar tentang volunteer tentunya bukanlah sesuatu yang asing lagi di pikiran detikers. Mungkin sebagian besar detikers masih berpikir, mengaitkan kegiatan volunteer dengan aksi kemanusiaan pada saat terjadi bencana alam.\r\nPadahal, kegiatan menjadi volunteer tidak hanya sekedar membantu dalam bencana saja lho. Kegiatan volunteer ini bisa bergerak di berbagai macam bidang, mulai dari pendidikan, sosial, kesehatan, dan lain sebagainya.\r\n\r\nSelain dapat membantu sesama, dengan adanya kegiatan volunteer juga bisa memberikan banyak pengalaman baru bagi seseorang, terutama mahasiswa untuk memperluas jaringan pertemanan dan bekal sebelum memulai karier.\r\n \r\nPengertian Volunteer\r\nDikutip dari Repository Universitas Katolik Widya Mandala Madiun, volunteer adalah individu yang secara sukarela meluangkan waktu, tenaga, hingga dana pribadinya untuk membantu sesama demi kesejahteraan sosial.\r\n\r\nSementara itu, menurut Kamus Besar Bahasa Indonesia (KBBI), volunteer atau sukarelawan adalah orang atau sekelompok orang yang menolong, melibatkan komitmen untuk membantu secara spontan individu, keluarga, masyarakat dalam memecahkan masalah permasalahan sosial tanpa mengharapkan keuntungan.\r\n\r\nManfaat Mengikuti Volunteer\r\nBerikut beberapa manfaat yang didapatkan dengan mengikuti kegiatan volunteer, seperti dikutip di buku Jejak Pengabdian Bakti Negeri Baduy oleh Ahmad Rayhan, di antaranya:\r\n\r\n1. Mendapatkan Teman Baru\r\nSalah satu cara terbaik untuk menjalin pertemanan baru dan memperkuat suatu hubungan yang sudah ada adalah dengan melakukan aktivitas bersama.\r\n\r\nDengan mengikuti kegiatan volunteer bisa menjadi satu cara yang bagus untuk bertemu orang baru. Terutama jika kamu sedang berada di daerah baru, maka kamu akan berkesempatan memiliki teman dari berbagai provinsi maupun daerah yang berbeda.\r\n\r\nDi samping itu, kamu juga bisa belajar mengenal setiap budaya daerah dari provinsi lain yang ada di Indonesia dalam kegiatan volunteer.\r\n\r\n2. Menumbuhkan Rasa Percaya Diri\r\nDengan mengikuti volunteer kamu akan dituntut untuk bisa berkomunikasi dengan banyak orang sesuai dengan bidang kegiatan yang kamu pilih. Misalnya, jika kamu memilih kegiatan di bidang pendidikan maka kamu harus bisa berkomunikasi dengan anak-anak mulai dari SD sampai SMA. Dan itu akan membuat kita lebih percaya diri\r\n\r\nSelain mengasah keterampilan komunikasi dan membangun rasa percaya diri, di dalam kegiatan volunteer kamu juga akan mendapatkan keterampilan teknik dengan diberikan tugas sesuai dengan keahlian sesuai kebutuhan divisi yang kamu pilih.\r\n\r\nMisalnya, diberikan tanggung jawab sebagai divisi dokumentasi, kamu akan belajar bagaimana cara menyorot momen yang bagus selama kegiatan dan mengemasnya menjadi video menarik.\r\n\r\nDengan begitu volunteer bisa dijadikan sebagai sarana membangun rasa percaya diri dan melatih keterampilan sebelum masuk ke dunia kerja.\r\n\r\n3. Menumbuhkan Rasa Syukur dalam Hidup\r\nSebagian orang akan merasa tidak puas atas semua yang telah dia miliki. Namun, dengan mengikuti kegiatan volunteer, itu akan meningkatkan rasa syukur kita karena masih diberikan kehidupan yang lebih baik dibandingkan mereka yang tinggal di pedesaan atau pedalaman.\r\n\r\nBanyak anak-anak yang putus sekolah karena terhalang oleh kondisi daerah serta keterbatasan fasilitas dan tenaga pendidik membuat mereka sulit untuk menempuh pendidikan yang nyaman dan meraih cita-cita\r\n\r\nContoh Kegiatan Volunteer\r\nMengutip di jurnal Universitas Gajah Mada berjudul Pengalaman Mahasiswa Sebagai Volunteer untuk Belajar Program Kesehatan di Komunitas, berikut contoh-contoh kegiatan volunteer yang dilakukan mahasiswa:\r\n\r\n1. Relawan saat situasi bencana\r\n\r\n2. Petugas lapangan untuk program pemerintah dan universitas\r\n\r\n3. Tenaga pendamping lembaga swadaya masyarakat lokal, nasional, dan NGO internasional.\r\n\r\nNah, itu dia informasi seputar pengertian, manfaat dan contoh kegiatan volunteer. Bagi detikers yang berminat menjadi volunteer, semoga informasi ini bermanfaat!', 'https://akcdn.detik.net.id/community/media/visual/2021/08/19/makanan-gratis-sikh-di-sydney-2_169.jpeg?w=700&q=90'),
(8, 'KBRI Doha Gelar Malam Apresiasi untuk Volunteer RI di Piala Dunia 2022', 'Jakarta - KBRI Doha menggelar malam apresiasi bagi para volunteer Indonesia yang terlibat dalam Piala Dunia atau FIFA World Cup 2022. Ada 90 warga negara Indonesia (WNI) yang bergabung menjadi volunteer.\r\nMalam apresiasi ini diselenggarakan di Wisma Duta, Jalan Istiqlal, Doha, Jumat (23/12). Hadir dalam acara itu Duta Besar RI untuk Qatar, Ridwan Hassan.\r\n\r\nDalam acara itu, Ridwan menyampaikan apresiasinya kepada para volunteer Indonesia di World Cup 2022. Ridwan mengapresiasi kerja keras mereka.\r\n\r\nSementara itu, salah satu perwakilan volunteer, Ahmad Syarnubi Fatah mengaku bangga karena dapat bergabung sebagai volunteer di Piala Dunia 2022. Dia juga membagikan sedikit pengalamannya sebagao voulenteer.\r\n\r\n\"Meski saya harus menempuh perjalanan kurang lebih 2.5 jam setiap hari, saya tetap menikmati kegiatan volunteering ini\" kata Syarnubi Fatah, seorang diaspora yang sudah belasan tahun menetap di Qatar.\r\n\r\nKBRI Doha mencatat sekitar 90 WNI menjadi volunteer dalam Piala Dunia Qatar. Sebagian besar di antaranya adalah mereka yang sudah menetap di Qatar, dan sebagian lain adalah para volunteer yang sengaja datang langsung dari Indonesia atau negara lain.\r\n\r\nSelama Piala Dunia, mereka memegang aneka ragam pekerjaan dari mulai meng-handle awak media, membantu penonton difable sampai menjadi penunjuk arah jalan. Di luar para volunteer, diaspora Indonesia, terutama diaspora muda juga banyak yang terlibat dalam berbagai kegiatan Piala Dunia.\r\n\r\n\"Ada puluhan anak-anak Indonesia yang terlibat sebagai ball crew, flag bearer atau player escort dalam Piala Dunia kemaren\" kata Pelaksana Fungsi Pensosbud KBRI Doha, Ali Murtado.\r\n\r\nPiala Dunia telah menjadi pengalaman yang menakjubkan bagi para volunteer dan terutama anak-anak yang terlibat. Selain apresiasi kepada volunteer, KBRI Doha juga memberikan penghargaan kepada sanggar-sanggar seni dan tokoh seni Indonesia di Qatar yang telah aktif mempromosikan Indonesia selama Piala Dunia 2022.', 'https://akcdn.detik.net.id/community/media/visual/2022/12/24/malam-apresiasi-untuk-volunteer-ri-di-piala-dunia-2022_169.jpeg?w=700&q=90'),
(9, 'Piala Dunia U-20 2023 Buka Lowongan Relawan, Bisa Untuk Mahasiswa!', 'Jakarta - FIFA membuka lowongan sebagai relawan untuk FIFA U-20 World Cup Indonesia 2023 atau Piala Dunia U-20 di Indonesia 2023. Dalam situs resmi FIFA, pendaftaran dibuka sejak 5 Desember 2022 hingga 5 Februari 2023.\r\nTerdapat 1.500 kuota yang dibuka dengan batas usia minimal 18 tahun. Maka dari itu, baik lulusan SMA maupun mahasiswa bisa mendaftar.\r\n\r\nRelawan tersebut akan bekerja di area fungsional di stadion, tempat latihan, bandara, dan hotel untuk membantu mewujudkan turnamen FIFA pertama yang akan diadakan di Indonesia.\r\n \r\n\"Relawan adalah jantung dari setiap turnamen, dan dengan senang hati kami mengundang Anda secara resmi untuk menjadi bagian dari program relawan. Anda akan mendapatkan kesempatan untuk merasakan turnamen dari dalam dan belajar lebih banyak tentang bagaimana acara olahraga internasional besar diselenggarakan. Anda akan bergabung ke dalam tim yang hebat dan kita akan bekerja sama untuk masa depan sepakbola Indonesia,\" ujar Lead Project Komite Panitia Lokal Maaike Ira Puspita dalam situs resmi PSSI, Selasa (7/12/2022).\r\n\r\nBagi detikers yang tertarik menjadi relawan Piala Dunia U-20 2023, bisa cek syarat di bawah ini.\r\n\r\nSyarat Relawan Piala Dunia U-20 2023\r\nBerusia 18 tahun atau lebih pada tanggal 20 Maret 2023\r\nTinggal di Indonesia\r\nFasih bahasa Inggris minimal level intermediate dan fasih dalam bahasa Indonesia\r\nBisa hadir selama turnamen (20 Mei - 11 Juni 2023)\r\nSanggup menyelesaikan proses wawancara dan menghadiri seluruh sesi latihan\r\nBertanggung jawab dan antusias\r\nBerkomitmen untuk berkontribusi dalam penyelenggaraan acara global besar dan mewakili FIFA U-20 World Cup Indonesia 2023™ dengan bangga dan hormat.\r\n\r\nCara Mendaftar Sebagai Relawan Piala Dunia U-20 2023\r\nPendaftaran relawan FIFA U-20 cukup mudah. Bagi kamu yang tertarik bisa langsung melakukan pendaftaran secara online DI SINI.\r\n\r\nSetelah melalui proses wawancara dan resmi diterima, relawan wajib menghadiri seluruh sesi pelatihan dari FIFA Piala Dunia U-20. Tertarik mendaftar, detikers?\r\n', 'https://akcdn.detik.net.id/community/media/visual/2020/02/25/3833496a-a1b8-428f-9202-79f8671928b7.jpeg?w=700&q=90'),
(11, 'Fan Festival yang Berkesan untuk Volunteer Piala Dunia Asal Indonesia', 'Doha - Indonesia mempunyai beberapa wakil volunteer di Piala Dunia 2022, salah satunya bertugas di Fan Festival. Apa rasanya jadi relawan?\r\nSuasana FIFA Fan Festival di taman Al Bidda, Doha, Qatar, Sabtu (3/12/2022) malam waktu setempat mulai ramai. Hari ini, ada laga Argentina dengan Australia.\r\n\r\nAdalah Luvita Tiurmaida Rosalinda salah satu volunteer asal Indonesia yang bertugas di FIFA Fan Fest saat detikSport berkunjung ke sana. Dia bersama Muhammad Yahya Syahrinudin, juga volunteer dari Indonesia, tapi tinggal di Qatar.\r\n \r\n\"Anda bisa memilih Wifi ini, tapi koneksinya sangat lambat. Coba saja,\" kata Luvi kepada salah seorang penonton yang menanyakan koneksi wifi.\r\n\r\ndetikSport sempat mengobrol sebentar dengan Luvi dan Yahya. Mereka pun membagikan pengalamannya. Mereka tak boleh melayani wawancara saat bertugas.\r\n\r\n\"Bagi Luvi tidak ada dukanya. Semua senang, dijadikan berkat saja,\" kata dia sembari bertugas.\r\n\r\nSementara itu, Yahya mengungkap jam-jam sibuk FIFA Fan Fest. Dia bilang bahwa weekend saat yang paling ramai. Sejak desak-desakan pada awal pembukaan, pemeriksaan di FIFA Fan Fest memang menjadi lebih ketat.\r\n\r\n\"Biasanya Kamis malam, Jumat, dan Sabtu. Karena di sini akhir pekannya kan Jumat,\" kata Yahya.\r\n\r\nLuvi sempat menggalang dana untuk biaya keberangkatan ke Qatar. Dia mengucap syukur akhirnya sudah menjalani delapan shift sebagai volunteer di Qatar. Terima kasih Pelindo atas dukungan untuk kami volunteer Indonesia di Piala Dunia Qatar,\" kata Luvita.', 'https://akcdn.detik.net.id/community/media/visual/2022/12/04/volunteer-piala-dunia-2022-1_169.jpeg?w=700&q=90'),
(12, 'Indonesia Kirim Volunteer ke Piala Dunia 2022', 'Jakarta - Piala Dunia 2022 akan berlangsung bulan depan. Indonesia ambil bagian dalam pesta sepakbola sejagad dengan mengirim puluhan volunteer ke Qatar.\r\nSebanyak 10 orang Indonesia berhasil lolos seleksi volunteer untuk bertugas di Piala Dunia 2022. Mereka menjalani proses seleksi secara mandiri, mendaftar sukarela ke FIFA.\r\n\r\nRusmayani, Luvita Tiurmaida Rosalinda, Nadhira Ayu Indriasvathi, dan Yulia Paranoan merupakan empat orang dari volunteer asal Indonesia yang sempat berbincang dengan detikSport.\r\n\r\nLuvi, yang bertugas di FIFA Fan Festival pada 14 November sampai 18 Desember 2022, mengisahkan bagaimana awal perjuangan untuk bisa lolos dari seleksi yang dilakukan oleh FIFA.\r\n\r\nAda sekitar 420 ribu pendaftar untuk menjadi volunteer Piala Dunia 2022, tersaring sebanyak 20 ribu dari warga Qatar dan lima ribu volunteer internasional.\r\n\r\n\"Kami awalnya mendaftar individual, kami tidak saling mengenal. Aku nggak kenal Mbak Maya, aku nggak kenal Mbak Indi, aku nggak kenal Mbak Yulia. Kami bertemu di suatu medsos. Ada di Facebook, Instagram, dari bermacam-macam medsos,\" kata Luvi saat berbincang dengan detikSport via Zoom.\r\n\r\nLebih lanjut diceritakan mengenai kualifikasi menjadi volunteer Piala Dunia 2022. Selain bahasa, ada tuntutan untuk bisa memecahkan masalah.\r\n\r\n\"Saat pertama hanya ditanya mengenai profile, data pribadi, organisasi apa saja yang diikuti, dan pernah menjadi volunteer apa saja,\" kata Luvi.\r\n\r\n\"Setelah disaring, masuk ke tes, berbentuk online diberi suatu kejadian atau kegiatan yang memerlukan action apa yang mesti dilakukan kalau ada kejadian seperti ini. Ada beberapa kejadian di tempat-tempat berbeda. Bagaimana kami menanggapi dan action yang kami lakukan. Setelah penyaringan baru ada interview secara online yang berasal dari negara-negara berbeda.\"\r\n\r\n\"Dari interview itu semua harus menjawab, akan dilihat bagaimana tanggapan dan sikap kami menjawab, kedua dengan bahasa. Bahasa yang utama bahasa Inggris, dan bisa bahasa Arab lebih diutamakan,\" kata dia menambahkan.\r\n\r\nMenjelang sebulan keberangkatan, tak ada rasa grogi yang menghinggapi Rusmayani. Dia yang sudah beberapa kali menjadi marshal MotoGP itu ingin segera berangkat sebagai penebusan kegagalan berangkat menjadi volunteer di Piala Dunia 2018.\r\n\r\n\"Justru ingin cepat-cepat berangkat, cepat-cepat selesai. Sudah menunggu-nunggu waktu. Ayo dong cepat November, biar cepat berangkat,\" kata Maya.\r\n\r\nSatu kendala masih menjadi hambatan untuk 10 volunteer asal Indonesia itu. Mereka masih terkendala pembiayaan untuk berangkat. Saat ini masih Rp 0 untuk membeli tiket PP dan akomodasi selama di Qatar lebih sebulan.\r\n\r\n\"Sudah masuk dari beberapa pihak (yang ingin kerja sama), untuk instansi pemerintah susah banget, terakhir sudah mengajukan ke BUMN dan Kemenpora. Sejauh ini ada di meja Deputi IV, kalau BUMN di Keorganisasian. Tetapi lama jawabnya. Sudah digeser belum, digeser ya atau tidak,\" kata Luvi yang mempunayai akun Instagram @lulu021205.\r\n\r\n\"Sampai hari ini belum ada yang MoU tanda tangan. Kami masih nol,\" kata dia menambahkan.\r\n\r\nBisa ambil bagian di Qatar, Luvi, Indy, Maya, dan Yulia berharap bisa berjumpa langsung dengan para pesepakbola dunia. Neymar, Lionel Messi, dan Cristiano Ronaldo yang mereka sebut ingin dijumpai langsung di Piala Dunia 2022.', 'https://akcdn.detik.net.id/community/media/visual/2022/10/12/volunteer-piala-dunia_43.jpeg?w=700&q=90');

-- --------------------------------------------------------

--
-- Struktur dari tabel `fakultas`
--

CREATE TABLE `fakultas` (
  `id_fakultas` int(11) NOT NULL,
  `nama_fakultas` char(50) NOT NULL
) ENGINE=InnoDB DEFAULT CHARSET=utf8mb4 COLLATE=utf8mb4_general_ci;

--
-- Dumping data untuk tabel `fakultas`
--

INSERT INTO `fakultas` (`id_fakultas`, `nama_fakultas`) VALUES
(1, 'Fakultas Pertanian'),
(2, 'Fakultas Ilmu Sosial dan Politik'),
(3, 'Fakultas Kedokteran'),
(4, 'Fakultas Kedokteran Gigi'),
(5, 'Fakultas  Kesehatan Masyarakat'),
(6, 'Fakultas Teknik'),
(7, 'Fakultas Ekonomi dan Bisnis'),
(8, 'Fakultas Hukum'),
(9, 'Fakultas Teknologi Pertanian'),
(10, 'Fakultas Keperawatan'),
(11, 'Fakultas Matematika dan Ilmu Pengetahuan'),
(12, 'Fakultas Ilmu Budaya'),
(13, 'Fakultas Ilmu Komputer'),
(14, 'Fakultas Farmasi');

-- --------------------------------------------------------

--
-- Struktur dari tabel `status`
--

CREATE TABLE `status` (
  `id_status` int(11) NOT NULL,
  `nama_status` char(10) NOT NULL
) ENGINE=InnoDB DEFAULT CHARSET=utf8mb4 COLLATE=utf8mb4_general_ci;

--
-- Dumping data untuk tabel `status`
--

INSERT INTO `status` (`id_status`, `nama_status`) VALUES
(1, 'Online'),
(2, 'Offline');

-- --------------------------------------------------------

--
-- Struktur dari tabel `tipe_kegiatan`
--

CREATE TABLE `tipe_kegiatan` (
  `id_tipe` int(11) NOT NULL,
  `nama_tipe` char(20) NOT NULL
) ENGINE=InnoDB DEFAULT CHARSET=utf8mb4 COLLATE=utf8mb4_general_ci;

--
-- Dumping data untuk tabel `tipe_kegiatan`
--

INSERT INTO `tipe_kegiatan` (`id_tipe`, `nama_tipe`) VALUES
(1, 'Pendidikan'),
(2, 'Kesehatan'),
(3, 'Lingkungan'),
(4, 'Sosial Kemanusiaan');

-- --------------------------------------------------------

--
-- Struktur dari tabel `user`
--

CREATE TABLE `user` (
  `id_admin` int(11) NOT NULL,
  `nama` varchar(255) NOT NULL,
  `email` varchar(255) NOT NULL,
  `password` varchar(255) NOT NULL
) ENGINE=InnoDB DEFAULT CHARSET=utf8mb4 COLLATE=utf8mb4_general_ci;

-- --------------------------------------------------------

--
-- Struktur dari tabel `volunteer`
--

CREATE TABLE `volunteer` (
  `id_volunteer` int(11) NOT NULL,
  `nama_kegiatan` varchar(100) NOT NULL,
  `nama_penyelenggara` varchar(100) NOT NULL,
  `image` varchar(255) NOT NULL,
  `tanggal_kegiatan` varchar(100) NOT NULL,
  `link_pendaftaran` varchar(2000) NOT NULL,
  `deskripsi` varchar(500) NOT NULL,
  `keterangan` varchar(100) DEFAULT NULL,
  `status_id_status` int(11) NOT NULL,
  `fakultas_id_fakultas` int(11) NOT NULL,
  `tipe_kegiatan_tipe_kegiatan_id` int(11) NOT NULL,
  `cp` varchar(25) NOT NULL
) ENGINE=InnoDB DEFAULT CHARSET=utf8mb4 COLLATE=utf8mb4_general_ci;

--
-- Dumping data untuk tabel `volunteer`
--

INSERT INTO `volunteer` (`id_volunteer`, `nama_kegiatan`, `nama_penyelenggara`, `image`, `tanggal_kegiatan`, `link_pendaftaran`, `deskripsi`, `keterangan`, `status_id_status`, `fakultas_id_fakultas`, `tipe_kegiatan_tipe_kegiatan_id`, `cp`) VALUES
(1, 'Relawan Kelana Literasi', 'Penyelenggara A', 'https://indorelawan-production.nos.wjv-1.neo.id/uploads/gallery/2023-11-20/compressed_Activity_1700464332080_flyer-oprec-kelana-literasi.png', '2023-01-01', 'https://docs.google.com/forms/d/e/1FAIpQLSdc4ikocU8SXha_jFYppVbYHKtyUbJ5AMWdvj-js5DPDiqEjA/closedform', 'Mari bergabung dalam misi pendidikan! bersama-sama, kita memberikan kontribusi positif untuk masa depan anak-anak Indonesia. Ayo jadi relawan literasi, menginspirasi kecintaan pada membaca dan bangun generasi yang lebih cerdas!', 'Keterangan kegiatan A', 1, 1, 1, '089783765389'),
(2, 'Relawan Rumah Belajar GSB', 'Penyelenggara B', 'https://indorelawan-production.nos.wjv-1.neo.id/uploads/gallery/2016-3-28/5721a3f65392249e1acb67fd.jpg', '2023-02-15', 'https://docs.google.com/forms/d/e/1FAIpQLSeLLHck-LZVLRyWgH6dbuWcAKmsKci1qjp5FdTs0wmWeY0lKg/viewform', 'Halo! Kenalin kami dari Komunitas Gerakan Suka Baca, biasanya dipanggil GSB. Sejak 16 Oktober 2016, kami fokus ngurusin pendidikan dan literasi anak gitu dari jenjang TK sampai SMA. Btw, kami komunitas fleksibel, suka lawak, santuy, tapi serius banget sama rancangan program. Btw, relawan periode sebelumnya udah mau pensiun nih. Makanya deh, butuh bantuan kamu untuk jadi relawan GSB untuk 6 bulan kedepan.', 'Keterangan kegiatan B', 2, 1, 1, '0896735492027'),
(3, 'Relawan Bumi Literasi', 'Penyelenggara C', 'https://indorelawan-production.nos.wjv-1.neo.id/uploads/gallery/2016-3-28/5721a3f65392249e1acb67fd.jpg', '2023-03-20', 'https://docs.google.com/forms/d/e/1FAIpQLSdc4ikocU8SXha_jFYppVbYHKtyUbJ5AMWdvj-js5DPDiqEjA/closedform', 'Mari bergabung dalam misi pendidikan! bersama-sama, kita memberikan kontribusi positif untuk masa depan anak-anak Indonesia. Ayo jadi relawan literasi, menginspirasi kecintaan pada membaca dan bangun generasi yang lebih cerdas!', 'Keterangan kegiatan C', 1, 2, 1, '089567834576'),
(4, 'Mentor InspiraYouth', 'Penyelenggara X', 'https://indorelawan-production.nos.wjv-1.neo.id/uploads/gallery/2023-10-25/compressed_Activity_1698221109969_IMG20230722153137-2.jpg', '2023-01-01', 'https://pendaftaran-kegiatan1.com', 'Inspiration Factory lagi buka kegiatan internship untuk jadi mentor program InspiraYouth kami. InspiraYouth ini khusus untuk mempersiapkan Youth dari keluarga marginal untuk bisa siap bekerja dan bersaing di dunia professional. Peran kamu di sini akan lebih banyak menjadi mentor yang melatih keterampilan komunikasi, etika kerja, memecahkan masalah dalam konteks kerja dan juga tentunya bekerja dalam tim.', 'Keterangan kegiatan 1', 2, 2, 1, '089543576512'),
(5, 'Kelas Tahsin Online Khusus Perempuan', 'Penyelenggara Y', 'https://indorelawan-production.nos.wjv-1.neo.id/uploads/gallery/2016-3-28/5721a3e15392249e1acb67fb.jpg', '2023-02-15', 'https://docs.google.com/forms/d/e/1FAIpQLSeLLHck-LZVLRyWgH6dbuWcAKmsKci1qjp5FdTs0wmWeY0lKg/viewform', 'Menuntut ilmu wajib bagi setiap muslim baik laki-laki dan perempuan, mari belajar quran dimulai dari tahsin', 'Keterangan kegiatan 2', 1, 7, 1, '085642573529'),
(6, 'Relawan Kelana Literasi', 'Penyelenggara Z', 'https://indorelawan-production.nos.wjv-1.neo.id/uploads/gallery/2023-11-20/compressed_Activity_1700464332080_flyer-oprec-kelana-literasi.png', '2023-03-20', 'https://docs.google.com/forms/d/e/1FAIpQLSdc4ikocU8SXha_jFYppVbYHKtyUbJ5AMWdvj-js5DPDiqEjA/closedform', 'Mari bergabung dalam misi pendidikan! bersama-sama, kita memberikan kontribusi positif untuk masa depan anak-anak Indonesia. Ayo jadi relawan literasi, menginspirasi kecintaan pada membaca dan bangun generasi yang lebih cerdas!', 'Keterangan kegiatan 3', 2, 3, 1, '089562453419'),
(7, 'Event Volunteer Literasi Balai Baco Sikola', 'Penyelenggara AA', 'https://indorelawan-production.nos.wjv-1.neo.id/uploads/gallery/2023-11-14/compressed_Activity_1699923198835_feed-ig-bbs-2023--2-.png', '2023-04-05', 'https://docs.google.com/forms/d/e/1FAIpQLSeLLHck-LZVLRyWgH6dbuWcAKmsKci1qjp5FdTs0wmWeY0lKg/viewform', 'Buat kamu mahasiswa, ataupun pemuda Indonesia yang senang melakukan kegiatan sosial.\r\n\r\nMari bergabung dengan kami sebagai Volunteer Literasi dan berkontribusi pada Acara BBS Fair 2023 yang akan diselenggran di Bulan Desember nanti. Bersama, kita dapat membawa literasi lebih dekat ke masyarakat. ', 'Keterangan kegiatan 4', 2, 9, 1, '087654680875'),
(8, 'Volunteer Social Media #ChangingLife', 'Penyelenggara BB', 'https://indorelawan-production.nos.wjv-1.neo.id/uploads/gallery/2023-10-23/compressed_Activity_1698037831871_Relawan-sosmed--2-.jpg', '2023-05-10', 'https://docs.google.com/forms/d/e/1FAIpQLSdc4ikocU8SXha_jFYppVbYHKtyUbJ5AMWdvj-js5DPDiqEjA/closedform', 'Yuk! bergabung bersama kami untuk membantu menyebarluaskan informasi mengenai Pengobatan Gratis CTEV melalui sosial media, agar informasi ini dapat diterima dan tersosialisasikan kepada anak yang membutuhkan bantuan tersebut #ChangingLife CTEV ', 'Keterangan kegiatan 5', 1, 14, 2, '089725689362'),
(9, 'Volunteer Mentai Psycenter Batch 5', 'Penyelenggara CC', 'https://indorelawan-production.nos.wjv-1.neo.id/uploads/gallery/2023-11-19/compressed_Activity_1700381615877_Copy-of-Operec-Volunteer-Pimpinan-dan-Divisi-Mentari-Psycenter--10-.png', '2023-06-15', 'https://docs.google.com/forms/d/e/1FAIpQLSeLLHck-LZVLRyWgH6dbuWcAKmsKci1qjp5FdTs0wmWeY0lKg/viewform', 'Halooo Sobat Sunshine Mintari ada info yg menarik bgt nih...!🙌🏼\r\nAre You Ready To Be Part Of Mentari Psycenter? 🤩\r\nNah, tunggu apalagi nih sobat sunshine? Yuk, yang tertarik cuss daftarkan diri sekarang juga🥰\r\nMintari tunggu kalian ya menjadi bagian dari keluarga Mentari\r\nPsycenter🙌🏼\r\nSalam sobat sunshine☀', 'Keterangan kegiatan 6', 2, 12, 3, '089652463720'),
(10, 'Relawan Generasi Energi Bersih', 'Penyelenggara D', 'https://indorelawan-production.nos.wjv-1.neo.id/uploads/gallery/2023-11-16/compressed_Activity_1700102034663_2EC07AB4-CD86-43F6-A509-8418F024D27C.jpg\r\n', '2023-07-20', 'https://docs.google.com/forms/d/e/1FAIpQLSdc4ikocU8SXha_jFYppVbYHKtyUbJ5AMWdvj-js5DPDiqEjA/closedform', '(GELOMBANG 2) \r\nOpen Recruitment Relawan Generasi Energi Bersih\r\nKeuntungan Menjadi Relawan Generasi Energi Bersih : \r\n1. Berkesempatan memperoleh Community Funded Project \r\n2. Mendapatkan informasi terbaru tentang perkembangan transisi energi di Indonesia \r\n3. Berkesempatan berjejaring dengan Peneliti, Aktivis, Pelajar, Guru, Mahasiswa, dan Dosen yang fokus pada isu pengurangan emisi', 'Keterangan kegiatan 7', 1, 7, 3, '089765432679'),
(11, 'Clean up Trash Hero Jakarta ke-129', 'Penyelenggara E', 'https://indorelawan-production.nos.wjv-1.neo.id/uploads/gallery/2023-11-27/Activity_1701048811615_Jadi-Relawan.jpg', '2023-08-25', 'https://docs.google.com/forms/d/e/1FAIpQLSeLLHck-LZVLRyWgH6dbuWcAKmsKci1qjp5FdTs0wmWeY0lKg/viewform', 'Mari bergabung dan berkontribusi dalam menjaga kebersihan lingkungan kita dengan mengikuti clean up bersama Trash Hero Jakarta. Ayo, tunjukkan kepedulianmu dan bergabunglah dalam gerakan ini. Satu tindakan kecil dari kita dapat membuat perbedaan besar bagi lingkungan kita!', 'Keterangan kegiatan 8', 2, 11, 3, '089367942790'),
(12, 'Gaharu Bumi Innovation Challenge', 'Penyelenggara F', 'https://indorelawan-production.nos.wjv-1.neo.id/uploads/gallery/2023-11-07/compressed_Activity_1699351102191_Ashoka-Indorelawan--1-.png', '2023-09-30', 'https://docs.google.com/forms/d/e/1FAIpQLSdc4ikocU8SXha_jFYppVbYHKtyUbJ5AMWdvj-js5DPDiqEjA/closedform', 'Apakah kamu komunitas/ keluarga/ anak muda (13-24 tahun) yang memiliki insiatif untuk memitigasi krisis iklim? Ingin memperbesar dampak, bertemu dengan jejaring changemakers lingkungan serta mendapatkan dana hingga puluhan juta rupiah? Raih kesempatan itu dengan mengikuti Gaharu Bumi Innovation Challenge dan daftar sebelum tanggal 15 Desember 2023! ', 'Keterangan kegiatan 9', 1, 4, 3, '087653579064'),
(13, 'Professional Photo & Videographer - Volunteer', 'Penyelenggara A', 'https://indorelawan-production.nos.wjv-1.neo.id/uploads/gallery/2023-01-19/Activity_1674109055606_Capture.PNG', '2023-01-01', 'https://docs.google.com/forms/d/e/1FAIpQLSdc4ikocU8SXha_jFYppVbYHKtyUbJ5AMWdvj-js5DPDiqEjA/closedform', 'This volunteer program offers new experiences and friends. One day a week, we will dedicate time to get to know more about our beneficiaries and document their story life to be heard.\r\nCheck this video for reference https://www.instagram.com/reel/CfoHg6KpzWK/?utm_source=ig_web_copy_link', 'Keterangan kegiatan A', 1, 6, 3, '089783765389'),
(14, 'Open Volunteer EcoTouch', 'Penyelenggara B', 'https://shorturl.at/kHP38', '2023-02-15', 'https://docs.google.com/forms/d/e/1FAIpQLSeLLHck-LZVLRyWgH6dbuWcAKmsKci1qjp5FdTs0wmWeY0lKg/viewform', 'Hai semuanya,\r\nEcoTouch merupakan brand peredam bangunan lokal Indonesia yang terbuat dari olahan daur ulang sampah pakaian atau limbah tekstil.\r\nSaat ini, kami melakukan CSR waste management limbah tekstil dengan menerima donasi pakaian tidak layak pakai dari masyarakat. Perihal banyaknya antusias masyarakat yang mendonasikan pakaian tidak layak pakai, kami ingin mengajak relawan untuk menjadi bagian dalam gerakan mengurangi limbah tekstil.', 'Keterangan kegiatan B', 2, 10, 3, '0896735492027'),
(15, 'RISET - JAHIT NARASI', 'Penyelenggara C', 'https://indorelawan-production.nos.wjv-1.neo.id/uploads/gallery/2023-11-19/compressed_Activity_1700409833061_png-size.png', '2023-03-20', 'https://docs.google.com/forms/d/e/1FAIpQLSdc4ikocU8SXha_jFYppVbYHKtyUbJ5AMWdvj-js5DPDiqEjA/closedform', 'Bagi yang tertarik mengenai irisan isu sampah, kebijakan publik, dan politik, yuk join sebagai relawan Jahit Narasi di FORPASI (Forum Peduli Sampah Seluruh Indonesia)', 'Keterangan kegiatan C', 1, 6, 3, '089567834576'),
(16, 'Duta Kurangi Risiko Bencana (DKRB)', 'Penyelenggara X', 'https://indorelawan-production.nos.wjv-1.neo.id/uploads/gallery/2023-11-08/compressed_Activity_1699435925385_IndoRelawan-Visual.png', '2023-01-01', 'https://pendaftaran-kegiatan1.com', 'Halo anak muda Indonesia! 😎🇮🇩\r\nPendaftaran Duta Kurangi Risiko Bencana (DKRB) sudah dibuka loh!\r\nBuat kamu yang tertarik dengan isu kebencanaan, ingin mengembangkan skill, memperluas jejaring dan berkesempatan mendapatkan pendanaan senilai 3.5 juta rupiah, program ini jangan sampe kamu lewatin!🎉pastikan kamu jangan sampe lupa untuk segera ikutan ya!\r\n', 'Keterangan kegiatan 1', 2, 11, 4, '089543576512'),
(17, 'Relawan Bantu Aksi Tebar Beras', 'Penyelenggara Y', 'https://indorelawan-production.nos.wjv-1.neo.id/uploads/gallery/2020-0-9/5e16d1e57f7d3ce2b94e0263.jpg', '2023-02-15', 'https://docs.google.com/forms/d/e/1FAIpQLSeLLHck-LZVLRyWgH6dbuWcAKmsKci1qjp5FdTs0wmWeY0lKg/viewform', 'Badan Pusat Statistik (BPS) per Maret 2019 mencatat 25,14 juta jiwa masyarakat Indonesia hidup di bawah garis kemiskinan. Sangat disayangkan, padahal no proverty (tanpa kemiskinan) sudah menjadi tujuan universal bagi masyarakat global, termasuk Indonesia.\r\n\r\nSebagai lembaga filantropi, wujud aksi nyata akan mengambil peran dalam mewujudkan tujuan universal itu melalui program aksi tebar beras nusantara.', 'Keterangan kegiatan 2', 2, 7, 4, '085642573529'),
(18, 'Aksi Tebar Makanan Nusantara', 'Penyelenggara Z', 'https://indorelawan-production.nos.wjv-1.neo.id/uploads/gallery/2019-8-10/5d77569782e94fa0e15b68b8.jpg', '2023-03-20', 'https://docs.google.com/forms/d/e/1FAIpQLSdc4ikocU8SXha_jFYppVbYHKtyUbJ5AMWdvj-js5DPDiqEjA/closedform', 'Indonesia, sebuah negeri yang kaya ini, masih menyimpan fakta bahwa masyarakatnya masih banyak yang hidup di bawah garis kemiskinan. Dengan diperkuat data yang dilansir dari tribunnews.com, bahwa 19,4 juta penduduk Indonesia masih menderita kelaparan setiap harinya. Sedih memang, namun diam tak akan memberikan solusi.\r\nYuk, mulai beraksi untuk membantu menurunkan angka yang cukup tinggi itu. Dukung aktivitas kami dalam program Aksi Tebar Makanan Nusantara (ATMNusa) sebagai relawan.', 'Keterangan kegiatan 3', 2, 12, 4, '089562453419'),
(19, 'UMKM Go-Digital', 'Penyelenggara AA', 'https://indorelawan-production.nos.wjv-1.neo.id/uploads/gallery/2023-09-27/compressed_Activity_1695820641057_20230927_201539_0000.png', '2023-04-05', 'https://docs.google.com/forms/d/e/1FAIpQLSeLLHck-LZVLRyWgH6dbuWcAKmsKci1qjp5FdTs0wmWeY0lKg/viewform', 'Kamu tahu gak? Berita berita akhir ini bilang UMKM gak bisa bersaing dan bahkan pasar pasar kaya tanah abang udah sepi. Giliran kamu bantu UMKM yang pengen naik kelas dengan cara digitalisasi UMKM. ', 'Keterangan kegiatan 4', 2, 14, 4, '087654680875'),
(20, 'Rekruitmen Relawan Jawa Barat', 'Penyelenggara BB', 'https://indorelawan-production.nos.wjv-1.neo.id/uploads/gallery/2023-07-20/Activity_1689823561110_rlwnssmntjwbrt-.png', '2023-05-10', 'https://docs.google.com/forms/d/e/1FAIpQLSdc4ikocU8SXha_jFYppVbYHKtyUbJ5AMWdvj-js5DPDiqEjA/closedform', 'Kamu berasal atau berdomisili di Jawa Barat dan ingin membantu masyarakat tempat tinggalmu? Yuk, segera daftarkan diri menjadi relawan di Wujud Aksi Nyata, dan ambil peranmu sekarang!\r\n\r\nYuk, daftar menjadi relawan disini!', 'Keterangan kegiatan 5', 1, 5, 4, '089725689362'),
(21, 'Rekruitmen Relawan Regional Banten', 'Penyelenggara CC', 'https://indorelawan-production.nos.wjv-1.neo.id/uploads/gallery/2023-07-20/Activity_1689825817817_Banner-Relawan---Banten.png', '2023-06-15', 'https://docs.google.com/forms/d/e/1FAIpQLSeLLHck-LZVLRyWgH6dbuWcAKmsKci1qjp5FdTs0wmWeY0lKg/viewform', 'Kamu berasal atau berdomisili di Banten dan ingin membantu masyarakat tempat tinggalmu? Yuk, segera daftarkan diri menjadi relawan di Wujud Aksi Nyata, dan ambil peranmu sekarang!\r\n\r\nYuk, daftar menjadi relawan disini!', 'Keterangan kegiatan 6', 2, 2, 4, '089652463720'),
(22, 'Human Resources Management', 'Penyelenggara D', 'https://indorelawan-production.nos.wjv-1.neo.id/uploads/gallery/2016-3-28/5721a3f65392249e1acb67fd.jpg', '2023-07-20', 'https://docs.google.com/forms/d/e/1FAIpQLSdc4ikocU8SXha_jFYppVbYHKtyUbJ5AMWdvj-js5DPDiqEjA/closedform', 'ZAKKI is a non-profit foundation, and all ZAKKI teams and volunteers do not receive a salary. For project-based volunteering, the volunteer can include their contribution as part of their portfolio in ZAKKI during project execution and after project completion, as well as e-certification after completion. We also provide recommendation and e-certification for tenure-based volunteering.', 'Keterangan kegiatan 7', 1, 7, 4, '089765432679'),
(23, 'GERAKAN ANTI KONTEN NEGATIF SOSIAL MEDIA', 'Penyelenggara E', 'https://indorelawan-production.nos.wjv-1.neo.id/uploads/gallery/2018-8-6/5b900d7445d869d57698f4f7.jpg', '2023-08-25', 'https://docs.google.com/forms/d/e/1FAIpQLSeLLHck-LZVLRyWgH6dbuWcAKmsKci1qjp5FdTs0wmWeY0lKg/viewform', 'Bahwa sehubungan para Netizen Pengguna Sosial Media & Live Streaming di Indonesia semakin banyak, maka Lembaga Kontrol Sosial Media & Live Streaming mengajak Masyarakat Indonesia, Pemerintah Indonesia, dan Institusi-institusi Penegak Hukum untuk bekerja sama bergendengan tangan agar Indonesia kembali di segani di mata Dunia dimulai dari Kebersamaan untuk sama-sama mulai menjaga bagaimana menggunakan Sosial Media dengan Cerdas, Baik, dan Tepat sasaran.   ', 'Keterangan kegiatan 8', 2, 6, 1, '089367942790'),
(24, 'SEBAR INOVASI KARYA ANAK BANGSA', 'Penyelenggara F', 'https://indorelawan-production.nos.wjv-1.neo.id/uploads/gallery/2016-3-28/5721a3ed5392249e1acb67fc.jpg', '2023-09-30', 'https://docs.google.com/forms/d/e/1FAIpQLSdc4ikocU8SXha_jFYppVbYHKtyUbJ5AMWdvj-js5DPDiqEjA/closedform', 'Polimeritas adalah suatu komunitas yang bergerak\r\ndi bidang ilmu pengetahuan dan teknologi yang berkaitan dengan polimer. Polimeritas berdiri pada tahun 2018. Saat ini kami melakukan kegiatan secara virtual atau online. Salah satunya mendesain wordpress.', 'Keterangan kegiatan 9', 1, 4, 1, '087653579064'),
(25, 'Volunteer Children Art Festival 2023', 'Penyelenggara R', 'https://indorelawan-production.nos.wjv-1.neo.id/uploads/gallery/2016-3-28/5721a3f65392249e1acb67fd.jpg', '2023-01-01', 'https://docs.google.com/forms/d/e/1FAIpQLSdc4ikocU8SXha_jFYppVbYHKtyUbJ5AMWdvj-js5DPDiqEjA/closedform', 'Hoshizora Foundation sedang mengadakan event Children Art Festival yang akan dilaksanakan pada tanggal 27 November - 3 Desember 2023 loh! Di event ini, kamu bisa berkontribusi menjadi volunteer lewat 3 posisi yang sedang dibuka, yaitu Gallery Sitter, Content Creator, dan Tim Dokumentasi.', 'Keterangan kegiatan A', 1, 1, 1, '089783765389'),
(26, 'Membalik Halaman #39', 'Penyelenggara E', 'https://indorelawan-production.nos.wjv-1.neo.id/uploads/gallery/2016-3-28/5721a3f65392249e1acb67fd.jpg', '2023-02-15', 'https://docs.google.com/forms/d/e/1FAIpQLSeLLHck-LZVLRyWgH6dbuWcAKmsKci1qjp5FdTs0wmWeY0lKg/viewform', 'Bergabunglah dengan kami untuk pertemuan klub buku kami berikutnya! Bersiaplah untuk berdiskusi, bagikan pemikiran kamu, dan nikmati kebersamaan dengan sesama pecinta buku.', 'Keterangan kegiatan B', 2, 1, 1, '0896735492027'),
(27, 'Rekrutmen Relawan Accessibility ELP Suarise', 'Penyelenggara S', 'https://indorelawan-production.nos.wjv-1.neo.id/uploads/gallery/2016-3-28/5721a3f65392249e1acb67fd.jpg', '2023-03-20', 'https://docs.google.com/forms/d/e/1FAIpQLSdc4ikocU8SXha_jFYppVbYHKtyUbJ5AMWdvj-js5DPDiqEjA/closedform', 'Tertarik berkontribusi mewujudkan kesetaraan di dunia digital khususnya bagi disabilitas? Mari bergabung sebagai relawan kegiatan Empathy Lab pop up experience (ELP) bersama Suarise dalam Urban Social Forum di SMPN 10 Surakarta, Malang pada Sabtu, 9 Desember 2023.', 'Keterangan kegiatan C', 1, 2, 1, '089567834576'),
(28, 'Teman Dokumentasi (Fotografer)', 'Penyelenggara T', 'https://indorelawan-production.nos.wjv-1.neo.id/uploads/gallery/2016-3-28/5721a3f65392249e1acb67fd.jpg', '2023-01-01', 'https://pendaftaran-kegiatan1.com', 'Pengenalan Seputar Penerbangan” bersama Skadron 21/Serba Guna “Akasa Aqraya Yudha” Puspenerbad. Kegiatan ini merupakan hasil kolaborasi antara wali murid paud dengan biro asesmen profesi, dimana adik-adik akan belajar dan mengenal tentang kedirgantaraan dan kemiliteran secara langsung. Dijamin kegiatan ini akan menarik.', 'Keterangan kegiatan 1', 2, 2, 1, '089543576512'),
(29, 'Event Volunteer Literasi Balai Baco Sikola', 'Penyelenggara A', 'https://indorelawan-production.nos.wjv-1.neo.id/uploads/gallery/2023-11-14/compressed_Activity_1699923198835_feed-ig-bbs-2023--2-.png', '2023-02-15', 'https://docs.google.com/forms/d/e/1FAIpQLSeLLHck-LZVLRyWgH6dbuWcAKmsKci1qjp5FdTs0wmWeY0lKg/viewform', 'Buat kamu mahasiswa, ataupun pemuda Indonesia yang senang melakukan kegiatan sosial. Mari bergabung dengan kami sebagai Volunteer Literasi dan berkontribusi pada Acara BBS Fair 2023 yang akan diselenggran di Bulan Desember nanti. Bersama, kita dapat membawa literasi lebih dekat ke masyarakat.', 'Keterangan kegiatan 2', 1, 7, 1, '085642573529'),
(30, 'Open Call: Act Global Volunteers 2024', 'Penyelenggara N', 'https://indorelawan-production.nos.wjv-1.neo.id/uploads/gallery/2023-10-14/compressed_Activity_1697275702060_1.png', '2023-03-20', 'https://docs.google.com/forms/d/e/1FAIpQLSdc4ikocU8SXha_jFYppVbYHKtyUbJ5AMWdvj-js5DPDiqEjA/closedform', 'Act Global mengundangmu untuk bergabung sebagai sukarelawan. Program ini didedikasikan untuk anak muda yang memiliki semangat untuk membuat perbedaan dan membangun masa depan yang lebih baik. \r\nIni adalah kesempatan yang seru buat kamu mendapat pengalaman baru,  dan membangun koneksi yang lebih luas. Cek website dan sosial media Act Global untuk mengetahui lebih banyak.', 'Keterangan kegiatan 3', 2, 3, 1, '089562453419'),
(31, 'RELAWAN ASSESMENT', 'Penyelenggara T', 'https://indorelawan-production.nos.wjv-1.neo.id/uploads/gallery/2023-09-27/compressed_Activity_1695823887570_Volunteer.png', '2023-04-05', 'https://docs.google.com/forms/d/e/1FAIpQLSeLLHck-LZVLRyWgH6dbuWcAKmsKci1qjp5FdTs0wmWeY0lKg/viewform', 'BERGERAK BERSAMA, WUJUDKAN HARAPAN!!\r\nSebagai lembaga Filantropi yang mengambil peran dalam membantu masyarakat luas, tentunya tidak bisa bergerak sendirian. kami membutuhkan bantuanmu untuk menjalankan program diberbagai tempat.', 'Keterangan kegiatan 4', 2, 9, 1, '087654680875'),
(32, 'Yuk Jadi Teman Anak Maluku Rumah Anak Bisa', 'Penyelenggara T', 'https://indorelawan-production.nos.wjv-1.neo.id/uploads/gallery/2023-08-08/Activity_1691463876767_Banner-Relawan---Maluku--1-.png', '2023-05-10', 'https://docs.google.com/forms/d/e/1FAIpQLSdc4ikocU8SXha_jFYppVbYHKtyUbJ5AMWdvj-js5DPDiqEjA/closedform', 'Rumah Anak Bisa adalah sebuah organisasi sosial non-profit yang aktif dalam mendukung hak-hak serta pemenuhan kebutuhan anak yatim dan dhuafa.\r\nDengan menjadi relawan komunitas Rumah Anak Bisa, kamu bisa mengajukan calon penerima manfaat dari beberapa program yang kami tawarkan.', 'Keterangan kegiatan 5', 1, 14, 2, '089725689362'),
(33, 'Plogging WCD', 'Penyelenggara M', 'https://indorelawan-production.nos.wjv-1.neo.id/uploads/gallery/2023-07-19/Activity_1689738104565_plogging-indorelawan-poster_.jpg', '2023-06-15', 'https://docs.google.com/forms/d/e/1FAIpQLSeLLHck-LZVLRyWgH6dbuWcAKmsKci1qjp5FdTs0wmWeY0lKg/viewform', 'Yuk ikuti salah satu kegiatan tim WCD, jalan sambil pungut sampah dan sharing ke orang-orang di sekitar untuk membuang sampah ditempatnya. Bisa ketemu teman baru dan melatih keberanian kamu untuk berpendapat di depan publik lho~', 'Keterangan kegiatan 6', 2, 12, 3, '089652463720'),
(34, 'Bersih Bersih Masjid', 'Penyelenggara A', 'https://indorelawan-production.nos.wjv-1.neo.id/uploads/gallery/2023-03-27/Activity_1679894161737_Relawan370x250-jpg', '2023-07-20', 'https://docs.google.com/forms/d/e/1FAIpQLSdc4ikocU8SXha_jFYppVbYHKtyUbJ5AMWdvj-js5DPDiqEjA/closedform', 'Buat para pemuda pemudi yang peduli terhadap kebersihan rumah ibadah khususnya masjid.\r\nGabung bersama kami untuk menjadi relawan kebaikan.\r\nTunggu apalagi, gabung bersama kami sekarang juga.', 'Keterangan kegiatan 7', 1, 7, 3, '089765432679'),
(35, 'Teman Belajar Act Global', 'Penyelenggara Y', 'https://indorelawan-production.nos.wjv-1.neo.id/uploads/gallery/2023-01-29/Activity_1674983259183_Teman%20Belajar%20AG%20.png', '2023-08-25', 'https://docs.google.com/forms/d/e/1FAIpQLSeLLHck-LZVLRyWgH6dbuWcAKmsKci1qjp5FdTs0wmWeY0lKg/viewform', 'Act Global mengembangkan program pendidikan non formal  untuk anak muda. Kami terbuka bekerjasama dengan praktisi, organisasi, komunitas, bisnis, badan pemerintah, lembaga pendidikan, donatur dan lainnya.', 'Keterangan kegiatan 8', 2, 11, 3, '089367942790'),
(36, 'Act Global Scholarship', 'Penyelenggara Z', 'https://indorelawan-production.nos.wjv-1.neo.id/uploads/gallery/2023-01-16/Activity_1673853447448_home2.jpg', '2023-09-30', 'https://docs.google.com/forms/d/e/1FAIpQLSdc4ikocU8SXha_jFYppVbYHKtyUbJ5AMWdvj-js5DPDiqEjA/closedform', 'Act Global menawarkan program pendidikan non formal Belajar+ yang diadakan secara rutin setiap bulan. Program ini menyediakan kelas-kelas pendek dan ruang diskusi bersama para ahli dan praktisi di bidang seni, budaya, lingkungan, psikologi, sosial media, jurnalistik, kesehatan mental, entrepreneurship, kreatif, musik, fotografi, videografi dan banyak lagi.', 'Keterangan kegiatan 9', 1, 4, 3, '087653579064'),
(37, 'ADVISOR - FULL STACK (FRONTEND/BACKEND) PROGRAMMER', 'Penyelenggara A', 'https://indorelawan-production.nos.wjv-1.neo.id/uploads/gallery/2020-11-19/5fde576dd54b000018c5dc54.jpg', '2023-01-01', 'https://docs.google.com/forms/d/e/1FAIpQLSdc4ikocU8SXha_jFYppVbYHKtyUbJ5AMWdvj-js5DPDiqEjA/closedform', 'Our Minimum Viable Product (MVP) can be found on https://www.zakki.org.\r\nCurrently, we are still redesigning ZAKKI fully function product. We are expecting to develop the ZAKKI fully function product in the upcoming years.', 'Keterangan kegiatan A', 1, 6, 3, '089783765389'),
(38, 'UI/UX DESIGNER - REMOTE VOLUNTEER', 'Penyelenggara L', 'https://indorelawan-production.nos.wjv-1.neo.id/uploads/gallery/2016-3-28/5721a3f65392249e1acb67fd.jpg', '2023-02-15', 'https://docs.google.com/forms/d/e/1FAIpQLSeLLHck-LZVLRyWgH6dbuWcAKmsKci1qjp5FdTs0wmWeY0lKg/viewform', 'ZAKKI is a social startup focusing on creating an inclusive community for the elderly and people with disabilities. Our mission is to facilitate alms and donations collection and deployment to help elderly people who still working in the informal sector to get better livelihood through micro-business management helps and giving them the exposure of greater market.', 'Keterangan kegiatan B', 2, 10, 3, '0896735492027'),
(39, 'Relawan Tim Video Creator', 'Penyelenggara U', 'https://indorelawan-production.nos.wjv-1.neo.id/uploads/gallery/2019-4-17/5cde45872c92dbbcbe5809cc.png', '2023-03-20', 'https://docs.google.com/forms/d/e/1FAIpQLSdc4ikocU8SXha_jFYppVbYHKtyUbJ5AMWdvj-js5DPDiqEjA/closedform', 'Punya bakat videography? YUK jadi relawan di Pundak Cerita! Buat bakat kamu menjadi semangat untuk perempuan di Indonesia!', 'Keterangan kegiatan C', 1, 6, 3, '089567834576'),
(40, 'Relawan Design Grafis', 'Penyelenggara N', 'https://indorelawan-production.nos.wjv-1.neo.id/uploads/gallery/2019-4-17/5cde39dda098021012afe431.jpg', '2023-01-01', 'https://pendaftaran-kegiatan1.com', 'Kamu ahli design grafis dan berdomisili di Denpasar Bali? YUK bergabung menjadi bagian dari Pundak Cerita!', 'Keterangan kegiatan 1', 2, 11, 4, '089543576512'),
(41, 'Relawan Listener Pundak Cerita', 'Penyelenggara A', 'https://indorelawan-production.nos.wjv-1.neo.id/uploads/gallery/2019-4-17/5cde38ab2c92dbbcbe5809a2.jpg', '2023-02-15', 'https://docs.google.com/forms/d/e/1FAIpQLSeLLHck-LZVLRyWgH6dbuWcAKmsKci1qjp5FdTs0wmWeY0lKg/viewform', 'Kamu perempuan yang memiliki wawasan yang luas dan bisa menjadi pendengar yang baik? Mari bergabung bersama Pundak Cerita dan menjadi bagian dari senyum dan semangat sahabat Pundak Cerita!', 'Keterangan kegiatan 2', 2, 7, 4, '085642573529'),
(42, 'PRODUKTIF KELOLA WEBSITE', 'Penyelenggara S', 'https://indorelawan-production.nos.wjv-1.neo.id/uploads/gallery/2016-3-28/5721a3f65392249e1acb67fd.jpg', '2023-03-20', 'https://docs.google.com/forms/d/e/1FAIpQLSdc4ikocU8SXha_jFYppVbYHKtyUbJ5AMWdvj-js5DPDiqEjA/closedform', 'Hallo sobat, kami ingin mencari relawan yang dapat mengelola website kami polimeritas.com secara baik\r\nKami satu-satunya komunitas polimer berbasis virtual sejak 2018 dan relawannya tersebar di seluruh indonesia. Tunggu apa lagi? Ini kesempatan kamu untuk bagi-bagi ilmu kemasyarakat tentang polimer dan kita jaga citra polimer masa depan!', 'Keterangan kegiatan 3', 2, 12, 4, '089562453419'),
(43, 'AHLINYA BUAT KONTEN SOSIAL MEDIA', 'Penyelenggara A', 'https://indorelawan-production.nos.wjv-1.neo.id/uploads/gallery/2020-4-26/5eccc5f9a7af89184cc0737d.JPG', '2023-04-05', 'https://docs.google.com/forms/d/e/1FAIpQLSeLLHck-LZVLRyWgH6dbuWcAKmsKci1qjp5FdTs0wmWeY0lKg/viewform', 'Kami satu-satunya komunitas polimer berbasis virtual sejak 2018 dan relawannya tersebar di seluruh indonesia. Tunggu apa lagi? Ini kesempatan kamu untuk bagi-bagi ilmu kemasyarakat tentang polimer dan kita jaga citra polimer masa depan!! ', 'Keterangan kegiatan 4', 2, 14, 4, '087654680875'),
(44, 'Ikut Trainer PRB Angkatan 5!', 'Penyelenggara K', 'https://indorelawan-production.nos.wjv-1.neo.id/uploads/gallery/2023-11-21/compressed_Activity_1700555724191_WhatsApp-Image-2023-11-21-at-14.53.53.jpeg', '2023-05-10', 'https://docs.google.com/forms/d/e/1FAIpQLSdc4ikocU8SXha_jFYppVbYHKtyUbJ5AMWdvj-js5DPDiqEjA/closedform', 'Indonesia membutuhkan bantuan seluruh pihak dalam hal kesiapsiagaan bencana, termasuk kamu! Melalui program ini, kamu dapat mempelajari tentang upaya pengurangan risiko bencana dan menjadi bagian dari Trainer PRB guna membangun Indonesia yang tangguh bencana di tahun 2045.', 'Keterangan kegiatan 5', 1, 5, 4, '089725689362'),
(45, 'Cipta dan Baca Puisi', 'Penyelenggara I', 'https://indorelawan-production.nos.wjv-1.neo.id/uploads/gallery/2023-11-17/compressed_Activity_1700208082363_poster-lomba-2.png', '2023-06-15', 'https://docs.google.com/forms/d/e/1FAIpQLSeLLHck-LZVLRyWgH6dbuWcAKmsKci1qjp5FdTs0wmWeY0lKg/viewform', 'Mari perpanjang umur bumi melalui puisi!', 'Keterangan kegiatan 6', 2, 2, 4, '089652463720'),
(46, 'WEBINAR : EXIT CORNER TOXIC RELATIONSHIP', 'Penyelenggara N', 'https://indorelawan-production.nos.wjv-1.neo.id/uploads/gallery/2016-3-28/5721a3f65392249e1acb67fd.jpg', '2023-07-20', 'https://docs.google.com/forms/d/e/1FAIpQLSdc4ikocU8SXha_jFYppVbYHKtyUbJ5AMWdvj-js5DPDiqEjA/closedform', 'Setiap orang menginginkan sebuah hubungan yang sehat, baik dalam hal percintaan, pertemanan, maupun keluarga. Namun, bagaimana jika kita malah terjebak dalam hubungan yang toxic? Apakah kita mampu menghindarinya?', 'Keterangan kegiatan 7', 1, 7, 4, '089765432679'),
(47, 'Open Recruitment Batch 8', 'Penyelenggara A', 'https://indorelawan-production.nos.wjv-1.neo.id/uploads/gallery/2016-3-28/5721a3f65392249e1acb67fd.jpg', '2023-08-25', 'https://docs.google.com/forms/d/e/1FAIpQLSeLLHck-LZVLRyWgH6dbuWcAKmsKci1qjp5FdTs0wmWeY0lKg/viewform', 'Bantu kami buat semua orang Indonesia tersenyum dengan menjadikan informasi tentang cara mengelola kesehatan mental lebih mudah diakses bagi semua orang. Kamu dapat berpartisipasi dengan mengeluarkan dan mengeksekusi ide-ide yang kreatif dan menarik.', 'Keterangan kegiatan 8', 2, 6, 1, '089367942790'),
(48, 'Event Volunteer di Beneran Volunteer', 'Penyelenggara N', 'https://indorelawan-production.nos.wjv-1.neo.id/uploads/gallery/2023-11-09/compressed_Activity_1699516376896_Poster-BV-Volunteer.jpeg', '2023-09-30', 'https://docs.google.com/forms/d/e/1FAIpQLSdc4ikocU8SXha_jFYppVbYHKtyUbJ5AMWdvj-js5DPDiqEjA/closedform', 'Hai Sahabat Beni!!\r\nBeneran Indonesia mengundang kamu untuk bergabung menjadi Event Volunteer dalam kegiatan Beneran Volunteer: Unity For Indonesia. Sebagai Event Volunteer, Kamu memiliki peran penting dalam mempersiapkan dan menjalan kegiatan Beneran Volunteer yang merupakan rangkaian dari program Voters Education.', 'Keterangan kegiatan 9', 1, 4, 1, '087653579064'),
(49, 'RELAWAN CAMPAIGN \r\n#MEMBACAMENYENANGKAN', 'Penyelenggara D', 'https://indorelawan-production.nos.wjv-1.neo.id/uploads/gallery/2016-3-28/5721a3f65392249e1acb67fd.jpg', '2023-06-15', 'https://docs.google.com/forms/d/e/1FAIpQLSeLLHck-LZVLRyWgH6dbuWcAKmsKci1qjp5FdTs0wmWeY0lKg/viewform', 'Campaign kita mudah untuk diselesaikan dan dapat langsung diselesaikan loh kak😻 \r\nYuk dimulai dari kita dan sebarkan informasi ini ke teman dan kerabat kamu yahhhh\r\nTerima kasih banyak teman Rindang.', 'Keterangan kegiatan 6', 2, 2, 4, '089652463720'),
(50, 'Human Resources Management', 'Penyelenggara I', 'https://indorelawan-production.nos.wjv-1.neo.id/uploads/gallery/2016-3-28/5721a3f65392249e1acb67fd.jpg', '2023-07-20', 'https://docs.google.com/forms/d/e/1FAIpQLSdc4ikocU8SXha_jFYppVbYHKtyUbJ5AMWdvj-js5DPDiqEjA/closedform', 'ZAKKI is a non-profit foundation, and all ZAKKI teams and volunteers do not receive a salary. For project-based volunteering, the volunteer can include their contribution as part of their portfolio in ZAKKI during project execution and after project completion, as well as e-certification after completion. We also provide recommendation and e-certification for tenure-based volunteering.', 'Keterangan kegiatan 7', 1, 7, 4, '089765432679'),
(51, 'GERAKAN ANTI KONTEN NEGATIF SOSIAL MEDIA', 'Penyelenggara T', 'https://indorelawan-production.nos.wjv-1.neo.id/uploads/gallery/2018-8-6/5b900d7445d869d57698f4f7.jpg', '2023-08-25', 'https://docs.google.com/forms/d/e/1FAIpQLSeLLHck-LZVLRyWgH6dbuWcAKmsKci1qjp5FdTs0wmWeY0lKg/viewform', 'Bahwa sehubungan para Netizen Pengguna Sosial Media & Live Streaming di Indonesia semakin banyak, maka Lembaga Kontrol Sosial Media & Live Streaming mengajak Masyarakat Indonesia, Pemerintah Indonesia, dan Institusi-institusi Penegak Hukum untuk bekerja sama bergendengan tangan agar Indonesia kembali di segani di mata Dunia dimulai dari Kebersamaan untuk sama-sama mulai menjaga bagaimana menggunakan Sosial Media dengan Cerdas, Baik, dan Tepat sasaran.   ', 'Keterangan kegiatan 8', 2, 6, 1, '089367942790'),
(52, 'SEBAR INOVASI KARYA ANAK BANGSA', 'Penyelenggara A', 'https://indorelawan-production.nos.wjv-1.neo.id/uploads/gallery/2016-3-28/5721a3ed5392249e1acb67fc.jpg', '2023-09-30', 'https://docs.google.com/forms/d/e/1FAIpQLSdc4ikocU8SXha_jFYppVbYHKtyUbJ5AMWdvj-js5DPDiqEjA/closedform', 'Polimeritas adalah suatu komunitas yang bergerak\r\ndi bidang ilmu pengetahuan dan teknologi yang berkaitan dengan polimer. Polimeritas berdiri pada tahun 2018. Saat ini kami melakukan kegiatan secara virtual atau online. Salah satunya mendesain wordpress.', 'Keterangan kegiatan 9', 1, 4, 1, '087653579064'),
(53, 'Act Global Scholarship', 'Penyelenggara Z', 'https://indorelawan-production.nos.wjv-1.neo.id/uploads/gallery/2023-01-16/Activity_1673853447448_home2.jpg', '2023-09-30', 'https://docs.google.com/forms/d/e/1FAIpQLSdc4ikocU8SXha_jFYppVbYHKtyUbJ5AMWdvj-js5DPDiqEjA/closedform', 'Act Global menawarkan program pendidikan non formal Belajar+ yang diadakan secara rutin setiap bulan. Program ini menyediakan kelas-kelas pendek dan ruang diskusi bersama para ahli dan praktisi di bidang seni, budaya, lingkungan, psikologi, sosial media, jurnalistik, kesehatan mental, entrepreneurship, kreatif, musik, fotografi, videografi dan banyak lagi.', 'Keterangan kegiatan 9', 1, 4, 3, '087653579064'),
(54, 'ADVISOR - FULL STACK (FRONTEND/BACKEND) PROGRAMMER', 'Penyelenggara A', 'https://indorelawan-production.nos.wjv-1.neo.id/uploads/gallery/2020-11-19/5fde576dd54b000018c5dc54.jpg', '2023-01-01', 'https://docs.google.com/forms/d/e/1FAIpQLSdc4ikocU8SXha_jFYppVbYHKtyUbJ5AMWdvj-js5DPDiqEjA/closedform', 'Our Minimum Viable Product (MVP) can be found on https://www.zakki.org.\r\nCurrently, we are still redesigning ZAKKI fully function product. We are expecting to develop the ZAKKI fully function product in the upcoming years.', 'Keterangan kegiatan A', 1, 6, 3, '089783765389'),
(55, 'UI/UX DESIGNER - REMOTE VOLUNTEER', 'Penyelenggara L', 'https://indorelawan-production.nos.wjv-1.neo.id/uploads/gallery/2016-3-28/5721a3f65392249e1acb67fd.jpg', '2023-02-15', 'https://docs.google.com/forms/d/e/1FAIpQLSeLLHck-LZVLRyWgH6dbuWcAKmsKci1qjp5FdTs0wmWeY0lKg/viewform', 'ZAKKI is a social startup focusing on creating an inclusive community for the elderly and people with disabilities. Our mission is to facilitate alms and donations collection and deployment to help elderly people who still working in the informal sector to get better livelihood through micro-business management helps and giving them the exposure of greater market.', 'Keterangan kegiatan B', 2, 10, 3, '0896735492027'),
(56, 'Relawan Tim Video Creator', 'Penyelenggara U', 'https://indorelawan-production.nos.wjv-1.neo.id/uploads/gallery/2019-4-17/5cde45872c92dbbcbe5809cc.png', '2023-03-20', 'https://docs.google.com/forms/d/e/1FAIpQLSdc4ikocU8SXha_jFYppVbYHKtyUbJ5AMWdvj-js5DPDiqEjA/closedform', 'Punya bakat videography? YUK jadi relawan di Pundak Cerita! Buat bakat kamu menjadi semangat untuk perempuan di Indonesia!', 'Keterangan kegiatan C', 1, 6, 3, '089567834576'),
(57, 'Relawan Design Grafis', 'Penyelenggara N', 'https://indorelawan-production.nos.wjv-1.neo.id/uploads/gallery/2019-4-17/5cde39dda098021012afe431.jpg', '2023-01-01', 'https://pendaftaran-kegiatan1.com', 'Kamu ahli design grafis dan berdomisili di Denpasar Bali? YUK bergabung menjadi bagian dari Pundak Cerita!', 'Keterangan kegiatan 1', 2, 11, 4, '089543576512'),
(58, 'Relawan Listener Pundak Cerita', 'Penyelenggara A', 'https://indorelawan-production.nos.wjv-1.neo.id/uploads/gallery/2019-4-17/5cde38ab2c92dbbcbe5809a2.jpg', '2023-02-15', 'https://docs.google.com/forms/d/e/1FAIpQLSeLLHck-LZVLRyWgH6dbuWcAKmsKci1qjp5FdTs0wmWeY0lKg/viewform', 'Kamu perempuan yang memiliki wawasan yang luas dan bisa menjadi pendengar yang baik? Mari bergabung bersama Pundak Cerita dan menjadi bagian dari senyum dan semangat sahabat Pundak Cerita!', 'Keterangan kegiatan 2', 2, 7, 4, '085642573529'),
(59, 'PRODUKTIF KELOLA WEBSITE', 'Penyelenggara S', 'https://indorelawan-production.nos.wjv-1.neo.id/uploads/gallery/2016-3-28/5721a3f65392249e1acb67fd.jpg', '2023-03-20', 'https://docs.google.com/forms/d/e/1FAIpQLSdc4ikocU8SXha_jFYppVbYHKtyUbJ5AMWdvj-js5DPDiqEjA/closedform', 'Hallo sobat, kami ingin mencari relawan yang dapat mengelola website kami polimeritas.com secara baik\r\nKami satu-satunya komunitas polimer berbasis virtual sejak 2018 dan relawannya tersebar di seluruh indonesia. Tunggu apa lagi? Ini kesempatan kamu untuk bagi-bagi ilmu kemasyarakat tentang polimer dan kita jaga citra polimer masa depan!', 'Keterangan kegiatan 3', 2, 12, 4, '089562453419'),
(60, 'AHLINYA BUAT KONTEN SOSIAL MEDIA', 'Penyelenggara A', 'https://indorelawan-production.nos.wjv-1.neo.id/uploads/gallery/2020-4-26/5eccc5f9a7af89184cc0737d.JPG', '2023-04-05', 'https://docs.google.com/forms/d/e/1FAIpQLSeLLHck-LZVLRyWgH6dbuWcAKmsKci1qjp5FdTs0wmWeY0lKg/viewform', 'Kami satu-satunya komunitas polimer berbasis virtual sejak 2018 dan relawannya tersebar di seluruh indonesia. Tunggu apa lagi? Ini kesempatan kamu untuk bagi-bagi ilmu kemasyarakat tentang polimer dan kita jaga citra polimer masa depan!! ', 'Keterangan kegiatan 4', 2, 14, 4, '087654680875'),
(61, 'Ikut Trainer PRB Angkatan 5!', 'Penyelenggara K', 'https://indorelawan-production.nos.wjv-1.neo.id/uploads/gallery/2023-11-21/compressed_Activity_1700555724191_WhatsApp-Image-2023-11-21-at-14.53.53.jpeg', '2023-05-10', 'https://docs.google.com/forms/d/e/1FAIpQLSdc4ikocU8SXha_jFYppVbYHKtyUbJ5AMWdvj-js5DPDiqEjA/closedform', 'Indonesia membutuhkan bantuan seluruh pihak dalam hal kesiapsiagaan bencana, termasuk kamu! Melalui program ini, kamu dapat mempelajari tentang upaya pengurangan risiko bencana dan menjadi bagian dari Trainer PRB guna membangun Indonesia yang tangguh bencana di tahun 2045.', 'Keterangan kegiatan 5', 1, 5, 4, '089725689362'),
(62, 'Cipta dan Baca Puisi', 'Penyelenggara I', 'https://indorelawan-production.nos.wjv-1.neo.id/uploads/gallery/2023-11-17/compressed_Activity_1700208082363_poster-lomba-2.png', '2023-06-15', 'https://docs.google.com/forms/d/e/1FAIpQLSeLLHck-LZVLRyWgH6dbuWcAKmsKci1qjp5FdTs0wmWeY0lKg/viewform', 'Mari perpanjang umur bumi melalui puisi!', 'Keterangan kegiatan 6', 2, 2, 4, '089652463720'),
(63, 'WEBINAR : EXIT CORNER TOXIC RELATIONSHIP', 'Penyelenggara N', 'https://indorelawan-production.nos.wjv-1.neo.id/uploads/gallery/2016-3-28/5721a3f65392249e1acb67fd.jpg', '2023-07-20', 'https://docs.google.com/forms/d/e/1FAIpQLSdc4ikocU8SXha_jFYppVbYHKtyUbJ5AMWdvj-js5DPDiqEjA/closedform', 'Setiap orang menginginkan sebuah hubungan yang sehat, baik dalam hal percintaan, pertemanan, maupun keluarga. Namun, bagaimana jika kita malah terjebak dalam hubungan yang toxic? Apakah kita mampu menghindarinya?', 'Keterangan kegiatan 7', 1, 7, 4, '089765432679'),
(64, 'Open Recruitment Batch 8', 'Penyelenggara A', 'https://indorelawan-production.nos.wjv-1.neo.id/uploads/gallery/2016-3-28/5721a3f65392249e1acb67fd.jpg', '2023-08-25', 'https://docs.google.com/forms/d/e/1FAIpQLSeLLHck-LZVLRyWgH6dbuWcAKmsKci1qjp5FdTs0wmWeY0lKg/viewform', 'Bantu kami buat semua orang Indonesia tersenyum dengan menjadikan informasi tentang cara mengelola kesehatan mental lebih mudah diakses bagi semua orang. Kamu dapat berpartisipasi dengan mengeluarkan dan mengeksekusi ide-ide yang kreatif dan menarik.', 'Keterangan kegiatan 8', 2, 6, 1, '089367942790'),
(65, 'Event Volunteer di Beneran Volunteer', 'Penyelenggara N', 'https://indorelawan-production.nos.wjv-1.neo.id/uploads/gallery/2023-11-09/compressed_Activity_1699516376896_Poster-BV-Volunteer.jpeg', '2023-09-30', 'https://docs.google.com/forms/d/e/1FAIpQLSdc4ikocU8SXha_jFYppVbYHKtyUbJ5AMWdvj-js5DPDiqEjA/closedform', 'Hai Sahabat Beni!!\r\nBeneran Indonesia mengundang kamu untuk bergabung menjadi Event Volunteer dalam kegiatan Beneran Volunteer: Unity For Indonesia. Sebagai Event Volunteer, Kamu memiliki peran penting dalam mempersiapkan dan menjalan kegiatan Beneran Volunteer yang merupakan rangkaian dari program Voters Education.', 'Keterangan kegiatan 9', 1, 4, 1, '087653579064'),
(66, 'RELAWAN CAMPAIGN #MEMBACAMENYENANGKAN', 'Penyelenggara D', 'https://indorelawan-production.nos.wjv-1.neo.id/uploads/gallery/2016-3-28/5721a3f65392249e1acb67fd.jpg', '2023-06-15', 'https://docs.google.com/forms/d/e/1FAIpQLSeLLHck-LZVLRyWgH6dbuWcAKmsKci1qjp5FdTs0wmWeY0lKg/viewform', 'Campaign kita mudah untuk diselesaikan dan dapat langsung diselesaikan loh kak😻 \r\nYuk dimulai dari kita dan sebarkan informasi ini ke teman dan kerabat kamu yahhhh\r\nTerima kasih banyak teman Rindang.', 'Keterangan kegiatan 6', 2, 2, 4, '089652463720'),
(67, 'Human Resources Management', 'Penyelenggara I', 'https://indorelawan-production.nos.wjv-1.neo.id/uploads/gallery/2016-3-28/5721a3f65392249e1acb67fd.jpg', '2023-07-20', 'https://docs.google.com/forms/d/e/1FAIpQLSdc4ikocU8SXha_jFYppVbYHKtyUbJ5AMWdvj-js5DPDiqEjA/closedform', 'ZAKKI is a non-profit foundation, and all ZAKKI teams and volunteers do not receive a salary. For project-based volunteering, the volunteer can include their contribution as part of their portfolio in ZAKKI during project execution and after project completion, as well as e-certification after completion. We also provide recommendation and e-certification for tenure-based volunteering.', 'Keterangan kegiatan 7', 1, 7, 4, '089765432679'),
(68, 'GERAKAN ANTI KONTEN NEGATIF SOSIAL MEDIA', 'Penyelenggara T', 'https://indorelawan-production.nos.wjv-1.neo.id/uploads/gallery/2018-8-6/5b900d7445d869d57698f4f7.jpg', '2023-08-25', 'https://docs.google.com/forms/d/e/1FAIpQLSeLLHck-LZVLRyWgH6dbuWcAKmsKci1qjp5FdTs0wmWeY0lKg/viewform', 'Bahwa sehubungan para Netizen Pengguna Sosial Media & Live Streaming di Indonesia semakin banyak, maka Lembaga Kontrol Sosial Media & Live Streaming mengajak Masyarakat Indonesia, Pemerintah Indonesia, dan Institusi-institusi Penegak Hukum untuk bekerja sama bergendengan tangan agar Indonesia kembali di segani di mata Dunia dimulai dari Kebersamaan untuk sama-sama mulai menjaga bagaimana menggunakan Sosial Media dengan Cerdas, Baik, dan Tepat sasaran.   ', 'Keterangan kegiatan 8', 2, 6, 1, '089367942790'),
(69, 'SEBAR INOVASI KARYA ANAK BANGSA', 'Penyelenggara A', 'https://indorelawan-production.nos.wjv-1.neo.id/uploads/gallery/2016-3-28/5721a3ed5392249e1acb67fc.jpg', '2023-09-30', 'https://docs.google.com/forms/d/e/1FAIpQLSdc4ikocU8SXha_jFYppVbYHKtyUbJ5AMWdvj-js5DPDiqEjA/closedform', 'Polimeritas adalah suatu komunitas yang bergerak\r\ndi bidang ilmu pengetahuan dan teknologi yang berkaitan dengan polimer. Polimeritas berdiri pada tahun 2018. Saat ini kami melakukan kegiatan secara virtual atau online. Salah satunya mendesain wordpress.', 'Keterangan kegiatan 9', 1, 4, 1, '087653579064'),
(70, 'Human Resources Management', 'Penyelenggara D', 'https://indorelawan-production.nos.wjv-1.neo.id/uploads/gallery/2016-3-28/5721a3f65392249e1acb67fd.jpg', '2023-07-20', 'https://docs.google.com/forms/d/e/1FAIpQLSdc4ikocU8SXha_jFYppVbYHKtyUbJ5AMWdvj-js5DPDiqEjA/closedform', 'ZAKKI is a non-profit foundation, and all ZAKKI teams and volunteers do not receive a salary. For project-based volunteering, the volunteer can include their contribution as part of their portfolio in ZAKKI during project execution and after project completion, as well as e-certification after completion. We also provide recommendation and e-certification for tenure-based volunteering.', 'Keterangan kegiatan 7', 1, 7, 4, '089765432679'),
(71, 'GERAKAN ANTI KONTEN NEGATIF SOSIAL MEDIA', 'Penyelenggara E', 'https://indorelawan-production.nos.wjv-1.neo.id/uploads/gallery/2018-8-6/5b900d7445d869d57698f4f7.jpg', '2023-08-25', 'https://docs.google.com/forms/d/e/1FAIpQLSeLLHck-LZVLRyWgH6dbuWcAKmsKci1qjp5FdTs0wmWeY0lKg/viewform', 'Bahwa sehubungan para Netizen Pengguna Sosial Media & Live Streaming di Indonesia semakin banyak, maka Lembaga Kontrol Sosial Media & Live Streaming mengajak Masyarakat Indonesia, Pemerintah Indonesia, dan Institusi-institusi Penegak Hukum untuk bekerja sama bergendengan tangan agar Indonesia kembali di segani di mata Dunia dimulai dari Kebersamaan untuk sama-sama mulai menjaga bagaimana menggunakan Sosial Media dengan Cerdas, Baik, dan Tepat sasaran.   ', 'Keterangan kegiatan 8', 2, 6, 1, '089367942790'),
(72, 'SEBAR INOVASI KARYA ANAK BANGSA', 'Penyelenggara F', 'https://indorelawan-production.nos.wjv-1.neo.id/uploads/gallery/2016-3-28/5721a3ed5392249e1acb67fc.jpg', '2023-09-30', 'https://docs.google.com/forms/d/e/1FAIpQLSdc4ikocU8SXha_jFYppVbYHKtyUbJ5AMWdvj-js5DPDiqEjA/closedform', 'Polimeritas adalah suatu komunitas yang bergerak\r\ndi bidang ilmu pengetahuan dan teknologi yang berkaitan dengan polimer. Polimeritas berdiri pada tahun 2018. Saat ini kami melakukan kegiatan secara virtual atau online. Salah satunya mendesain wordpress.', 'Keterangan kegiatan 9', 1, 4, 1, '087653579064'),
(73, 'Volunteer Children Art Festival 2023', 'Penyelenggara R', 'https://indorelawan-production.nos.wjv-1.neo.id/uploads/gallery/2016-3-28/5721a3f65392249e1acb67fd.jpg', '2023-01-01', 'https://docs.google.com/forms/d/e/1FAIpQLSdc4ikocU8SXha_jFYppVbYHKtyUbJ5AMWdvj-js5DPDiqEjA/closedform', 'Hoshizora Foundation sedang mengadakan event Children Art Festival yang akan dilaksanakan pada tanggal 27 November - 3 Desember 2023 loh! Di event ini, kamu bisa berkontribusi menjadi volunteer lewat 3 posisi yang sedang dibuka, yaitu Gallery Sitter, Content Creator, dan Tim Dokumentasi.', 'Keterangan kegiatan A', 1, 1, 1, '089783765389'),
(74, 'Membalik Halaman #39', 'Penyelenggara E', 'https://indorelawan-production.nos.wjv-1.neo.id/uploads/gallery/2016-3-28/5721a3f65392249e1acb67fd.jpg', '2023-02-15', 'https://docs.google.com/forms/d/e/1FAIpQLSeLLHck-LZVLRyWgH6dbuWcAKmsKci1qjp5FdTs0wmWeY0lKg/viewform', 'Bergabunglah dengan kami untuk pertemuan klub buku kami berikutnya! Bersiaplah untuk berdiskusi, bagikan pemikiran kamu, dan nikmati kebersamaan dengan sesama pecinta buku.', 'Keterangan kegiatan B', 2, 1, 1, '0896735492027'),
(75, 'Rekrutmen Relawan Accessibility ELP Suarise', 'Penyelenggara S', 'https://indorelawan-production.nos.wjv-1.neo.id/uploads/gallery/2016-3-28/5721a3f65392249e1acb67fd.jpg', '2023-03-20', 'https://docs.google.com/forms/d/e/1FAIpQLSdc4ikocU8SXha_jFYppVbYHKtyUbJ5AMWdvj-js5DPDiqEjA/closedform', 'Tertarik berkontribusi mewujudkan kesetaraan di dunia digital khususnya bagi disabilitas? Mari bergabung sebagai relawan kegiatan Empathy Lab pop up experience (ELP) bersama Suarise dalam Urban Social Forum di SMPN 10 Surakarta, Malang pada Sabtu, 9 Desember 2023.', 'Keterangan kegiatan C', 1, 2, 1, '089567834576'),
(76, 'Teman Dokumentasi (Fotografer)', 'Penyelenggara T', 'https://indorelawan-production.nos.wjv-1.neo.id/uploads/gallery/2016-3-28/5721a3f65392249e1acb67fd.jpg', '2023-01-01', 'https://pendaftaran-kegiatan1.com', 'Pengenalan Seputar Penerbangan” bersama Skadron 21/Serba Guna “Akasa Aqraya Yudha” Puspenerbad. Kegiatan ini merupakan hasil kolaborasi antara wali murid paud dengan biro asesmen profesi, dimana adik-adik akan belajar dan mengenal tentang kedirgantaraan dan kemiliteran secara langsung. Dijamin kegiatan ini akan menarik.', 'Keterangan kegiatan 1', 2, 2, 1, '089543576512'),
(77, 'Event Volunteer Literasi Balai Baco Sikola', 'Penyelenggara A', 'https://indorelawan-production.nos.wjv-1.neo.id/uploads/gallery/2023-11-14/compressed_Activity_1699923198835_feed-ig-bbs-2023--2-.png', '2023-02-15', 'https://docs.google.com/forms/d/e/1FAIpQLSeLLHck-LZVLRyWgH6dbuWcAKmsKci1qjp5FdTs0wmWeY0lKg/viewform', 'Buat kamu mahasiswa, ataupun pemuda Indonesia yang senang melakukan kegiatan sosial. Mari bergabung dengan kami sebagai Volunteer Literasi dan berkontribusi pada Acara BBS Fair 2023 yang akan diselenggran di Bulan Desember nanti. Bersama, kita dapat membawa literasi lebih dekat ke masyarakat.', 'Keterangan kegiatan 2', 1, 7, 1, '085642573529'),
(78, 'Open Call: Act Global Volunteers 2024', 'Penyelenggara N', 'https://indorelawan-production.nos.wjv-1.neo.id/uploads/gallery/2023-10-14/compressed_Activity_1697275702060_1.png', '2023-03-20', 'https://docs.google.com/forms/d/e/1FAIpQLSdc4ikocU8SXha_jFYppVbYHKtyUbJ5AMWdvj-js5DPDiqEjA/closedform', 'Act Global mengundangmu untuk bergabung sebagai sukarelawan. Program ini didedikasikan untuk anak muda yang memiliki semangat untuk membuat perbedaan dan membangun masa depan yang lebih baik. \r\nIni adalah kesempatan yang seru buat kamu mendapat pengalaman baru,  dan membangun koneksi yang lebih luas. Cek website dan sosial media Act Global untuk mengetahui lebih banyak.', 'Keterangan kegiatan 3', 2, 3, 1, '089562453419'),
(79, 'RELAWAN ASSESMENT', 'Penyelenggara T', 'https://indorelawan-production.nos.wjv-1.neo.id/uploads/gallery/2023-09-27/compressed_Activity_1695823887570_Volunteer.png', '2023-04-05', 'https://docs.google.com/forms/d/e/1FAIpQLSeLLHck-LZVLRyWgH6dbuWcAKmsKci1qjp5FdTs0wmWeY0lKg/viewform', 'BERGERAK BERSAMA, WUJUDKAN HARAPAN!!\r\nSebagai lembaga Filantropi yang mengambil peran dalam membantu masyarakat luas, tentunya tidak bisa bergerak sendirian. kami membutuhkan bantuanmu untuk menjalankan program diberbagai tempat.', 'Keterangan kegiatan 4', 2, 9, 1, '087654680875'),
(80, 'Yuk Jadi Teman Anak Maluku Rumah Anak Bisa', 'Penyelenggara T', 'https://indorelawan-production.nos.wjv-1.neo.id/uploads/gallery/2023-08-08/Activity_1691463876767_Banner-Relawan---Maluku--1-.png', '2023-05-10', 'https://docs.google.com/forms/d/e/1FAIpQLSdc4ikocU8SXha_jFYppVbYHKtyUbJ5AMWdvj-js5DPDiqEjA/closedform', 'Rumah Anak Bisa adalah sebuah organisasi sosial non-profit yang aktif dalam mendukung hak-hak serta pemenuhan kebutuhan anak yatim dan dhuafa.\r\nDengan menjadi relawan komunitas Rumah Anak Bisa, kamu bisa mengajukan calon penerima manfaat dari beberapa program yang kami tawarkan.', 'Keterangan kegiatan 5', 1, 14, 2, '089725689362');
INSERT INTO `volunteer` (`id_volunteer`, `nama_kegiatan`, `nama_penyelenggara`, `image`, `tanggal_kegiatan`, `link_pendaftaran`, `deskripsi`, `keterangan`, `status_id_status`, `fakultas_id_fakultas`, `tipe_kegiatan_tipe_kegiatan_id`, `cp`) VALUES
(81, 'Plogging WCD', 'Penyelenggara M', 'https://indorelawan-production.nos.wjv-1.neo.id/uploads/gallery/2023-07-19/Activity_1689738104565_plogging-indorelawan-poster_.jpg', '2023-06-15', 'https://docs.google.com/forms/d/e/1FAIpQLSeLLHck-LZVLRyWgH6dbuWcAKmsKci1qjp5FdTs0wmWeY0lKg/viewform', 'Yuk ikuti salah satu kegiatan tim WCD, jalan sambil pungut sampah dan sharing ke orang-orang di sekitar untuk membuang sampah ditempatnya. Bisa ketemu teman baru dan melatih keberanian kamu untuk berpendapat di depan publik lho~', 'Keterangan kegiatan 6', 2, 12, 3, '089652463720'),
(82, 'Bersih Bersih Masjid', 'Penyelenggara A', 'https://indorelawan-production.nos.wjv-1.neo.id/uploads/gallery/2023-03-27/Activity_1679894161737_Relawan370x250-jpg', '2023-07-20', 'https://docs.google.com/forms/d/e/1FAIpQLSdc4ikocU8SXha_jFYppVbYHKtyUbJ5AMWdvj-js5DPDiqEjA/closedform', 'Buat para pemuda pemudi yang peduli terhadap kebersihan rumah ibadah khususnya masjid.\r\nGabung bersama kami untuk menjadi relawan kebaikan.\r\nTunggu apalagi, gabung bersama kami sekarang juga.', 'Keterangan kegiatan 7', 1, 7, 3, '089765432679'),
(83, 'Teman Belajar Act Global', 'Penyelenggara Y', 'https://indorelawan-production.nos.wjv-1.neo.id/uploads/gallery/2023-01-29/Activity_1674983259183_Teman%20Belajar%20AG%20.png', '2023-08-25', 'https://docs.google.com/forms/d/e/1FAIpQLSeLLHck-LZVLRyWgH6dbuWcAKmsKci1qjp5FdTs0wmWeY0lKg/viewform', 'Act Global mengembangkan program pendidikan non formal  untuk anak muda. Kami terbuka bekerjasama dengan praktisi, organisasi, komunitas, bisnis, badan pemerintah, lembaga pendidikan, donatur dan lainnya.', 'Keterangan kegiatan 8', 2, 11, 3, '089367942790'),
(84, 'Professional Photo & Videographer - Volunteer', 'Penyelenggara A', 'https://indorelawan-production.nos.wjv-1.neo.id/uploads/gallery/2023-01-19/Activity_1674109055606_Capture.PNG', '2023-01-01', 'https://docs.google.com/forms/d/e/1FAIpQLSdc4ikocU8SXha_jFYppVbYHKtyUbJ5AMWdvj-js5DPDiqEjA/closedform', 'This volunteer program offers new experiences and friends. One day a week, we will dedicate time to get to know more about our beneficiaries and document their story life to be heard.\r\nCheck this video for reference https://www.instagram.com/reel/CfoHg6KpzWK/?utm_source=ig_web_copy_link', 'Keterangan kegiatan A', 1, 6, 3, '089783765389'),
(85, 'Open Volunteer EcoTouch', 'Penyelenggara B', 'https://shorturl.at/kHP38', '2023-02-15', 'https://docs.google.com/forms/d/e/1FAIpQLSeLLHck-LZVLRyWgH6dbuWcAKmsKci1qjp5FdTs0wmWeY0lKg/viewform', 'Hai semuanya,\r\nEcoTouch merupakan brand peredam bangunan lokal Indonesia yang terbuat dari olahan daur ulang sampah pakaian atau limbah tekstil.\r\nSaat ini, kami melakukan CSR waste management limbah tekstil dengan menerima donasi pakaian tidak layak pakai dari masyarakat. Perihal banyaknya antusias masyarakat yang mendonasikan pakaian tidak layak pakai, kami ingin mengajak relawan untuk menjadi bagian dalam gerakan mengurangi limbah tekstil.', 'Keterangan kegiatan B', 2, 10, 3, '0896735492027'),
(86, 'RISET - JAHIT NARASI', 'Penyelenggara C', 'https://indorelawan-production.nos.wjv-1.neo.id/uploads/gallery/2023-11-19/compressed_Activity_1700409833061_png-size.png', '2023-03-20', 'https://docs.google.com/forms/d/e/1FAIpQLSdc4ikocU8SXha_jFYppVbYHKtyUbJ5AMWdvj-js5DPDiqEjA/closedform', 'Bagi yang tertarik mengenai irisan isu sampah, kebijakan publik, dan politik, yuk join sebagai relawan Jahit Narasi di FORPASI (Forum Peduli Sampah Seluruh Indonesia)', 'Keterangan kegiatan C', 1, 6, 3, '089567834576'),
(87, 'Duta Kurangi Risiko Bencana (DKRB)', 'Penyelenggara X', 'https://indorelawan-production.nos.wjv-1.neo.id/uploads/gallery/2023-11-08/compressed_Activity_1699435925385_IndoRelawan-Visual.png', '2023-01-01', 'https://pendaftaran-kegiatan1.com', 'Halo anak muda Indonesia! 😎🇮🇩\r\nPendaftaran Duta Kurangi Risiko Bencana (DKRB) sudah dibuka loh!\r\nBuat kamu yang tertarik dengan isu kebencanaan, ingin mengembangkan skill, memperluas jejaring dan berkesempatan mendapatkan pendanaan senilai 3.5 juta rupiah, program ini jangan sampe kamu lewatin!🎉pastikan kamu jangan sampe lupa untuk segera ikutan ya!\r\n', 'Keterangan kegiatan 1', 2, 11, 4, '089543576512'),
(88, 'Relawan Bantu Aksi Tebar Beras', 'Penyelenggara Y', 'https://indorelawan-production.nos.wjv-1.neo.id/uploads/gallery/2020-0-9/5e16d1e57f7d3ce2b94e0263.jpg', '2023-02-15', 'https://docs.google.com/forms/d/e/1FAIpQLSeLLHck-LZVLRyWgH6dbuWcAKmsKci1qjp5FdTs0wmWeY0lKg/viewform', 'Badan Pusat Statistik (BPS) per Maret 2019 mencatat 25,14 juta jiwa masyarakat Indonesia hidup di bawah garis kemiskinan. Sangat disayangkan, padahal no proverty (tanpa kemiskinan) sudah menjadi tujuan universal bagi masyarakat global, termasuk Indonesia.\r\n\r\nSebagai lembaga filantropi, wujud aksi nyata akan mengambil peran dalam mewujudkan tujuan universal itu melalui program aksi tebar beras nusantara.', 'Keterangan kegiatan 2', 2, 7, 4, '085642573529'),
(89, 'Aksi Tebar Makanan Nusantara', 'Penyelenggara Z', 'https://indorelawan-production.nos.wjv-1.neo.id/uploads/gallery/2019-8-10/5d77569782e94fa0e15b68b8.jpg', '2023-03-20', 'https://docs.google.com/forms/d/e/1FAIpQLSdc4ikocU8SXha_jFYppVbYHKtyUbJ5AMWdvj-js5DPDiqEjA/closedform', 'Indonesia, sebuah negeri yang kaya ini, masih menyimpan fakta bahwa masyarakatnya masih banyak yang hidup di bawah garis kemiskinan. Dengan diperkuat data yang dilansir dari tribunnews.com, bahwa 19,4 juta penduduk Indonesia masih menderita kelaparan setiap harinya. Sedih memang, namun diam tak akan memberikan solusi.\r\nYuk, mulai beraksi untuk membantu menurunkan angka yang cukup tinggi itu. Dukung aktivitas kami dalam program Aksi Tebar Makanan Nusantara (ATMNusa) sebagai relawan.', 'Keterangan kegiatan 3', 2, 12, 4, '089562453419'),
(90, 'UMKM Go-Digital', 'Penyelenggara AA', 'https://indorelawan-production.nos.wjv-1.neo.id/uploads/gallery/2023-09-27/compressed_Activity_1695820641057_20230927_201539_0000.png', '2023-04-05', 'https://docs.google.com/forms/d/e/1FAIpQLSeLLHck-LZVLRyWgH6dbuWcAKmsKci1qjp5FdTs0wmWeY0lKg/viewform', 'Kamu tahu gak? Berita berita akhir ini bilang UMKM gak bisa bersaing dan bahkan pasar pasar kaya tanah abang udah sepi. Giliran kamu bantu UMKM yang pengen naik kelas dengan cara digitalisasi UMKM. ', 'Keterangan kegiatan 4', 2, 14, 4, '087654680875'),
(91, 'Rekruitmen Relawan Jawa Barat', 'Penyelenggara BB', 'https://indorelawan-production.nos.wjv-1.neo.id/uploads/gallery/2023-07-20/Activity_1689823561110_rlwnssmntjwbrt-.png', '2023-05-10', 'https://docs.google.com/forms/d/e/1FAIpQLSdc4ikocU8SXha_jFYppVbYHKtyUbJ5AMWdvj-js5DPDiqEjA/closedform', 'Kamu berasal atau berdomisili di Jawa Barat dan ingin membantu masyarakat tempat tinggalmu? Yuk, segera daftarkan diri menjadi relawan di Wujud Aksi Nyata, dan ambil peranmu sekarang!\r\n\r\nYuk, daftar menjadi relawan disini!', 'Keterangan kegiatan 5', 1, 5, 4, '089725689362'),
(92, 'Rekruitmen Relawan Regional Banten', 'Penyelenggara CC', 'https://indorelawan-production.nos.wjv-1.neo.id/uploads/gallery/2023-07-20/Activity_1689825817817_Banner-Relawan---Banten.png', '2023-06-15', 'https://docs.google.com/forms/d/e/1FAIpQLSeLLHck-LZVLRyWgH6dbuWcAKmsKci1qjp5FdTs0wmWeY0lKg/viewform', 'Kamu berasal atau berdomisili di Banten dan ingin membantu masyarakat tempat tinggalmu? Yuk, segera daftarkan diri menjadi relawan di Wujud Aksi Nyata, dan ambil peranmu sekarang!\r\n\r\nYuk, daftar menjadi relawan disini!', 'Keterangan kegiatan 6', 2, 2, 4, '089652463720'),
(93, 'Relawan Kelana Literasi', 'Penyelenggara A', 'https://indorelawan-production.nos.wjv-1.neo.id/uploads/gallery/2023-11-20/compressed_Activity_1700464332080_flyer-oprec-kelana-literasi.png', '2023-01-01', 'https://docs.google.com/forms/d/e/1FAIpQLSdc4ikocU8SXha_jFYppVbYHKtyUbJ5AMWdvj-js5DPDiqEjA/closedform', 'Mari bergabung dalam misi pendidikan! bersama-sama, kita memberikan kontribusi positif untuk masa depan anak-anak Indonesia. Ayo jadi relawan literasi, menginspirasi kecintaan pada membaca dan bangun generasi yang lebih cerdas!', 'Keterangan kegiatan A', 1, 1, 1, '089783765389'),
(94, 'Relawan Rumah Belajar GSB', 'Penyelenggara B', 'https://indorelawan-production.nos.wjv-1.neo.id/uploads/gallery/2016-3-28/5721a3f65392249e1acb67fd.jpg', '2023-02-15', 'https://docs.google.com/forms/d/e/1FAIpQLSeLLHck-LZVLRyWgH6dbuWcAKmsKci1qjp5FdTs0wmWeY0lKg/viewform', 'Halo! Kenalin kami dari Komunitas Gerakan Suka Baca, biasanya dipanggil GSB. Sejak 16 Oktober 2016, kami fokus ngurusin pendidikan dan literasi anak gitu dari jenjang TK sampai SMA. Btw, kami komunitas fleksibel, suka lawak, santuy, tapi serius banget sama rancangan program. Btw, relawan periode sebelumnya udah mau pensiun nih. Makanya deh, butuh bantuan kamu untuk jadi relawan GSB untuk 6 bulan kedepan.', 'Keterangan kegiatan B', 2, 1, 1, '0896735492027'),
(95, 'Relawan Kelana Literasi', 'Penyelenggara C', 'https://indorelawan-production.nos.wjv-1.neo.id/uploads/gallery/2016-3-28/5721a3f65392249e1acb67fd.jpg', '2023-03-20', 'https://docs.google.com/forms/d/e/1FAIpQLSdc4ikocU8SXha_jFYppVbYHKtyUbJ5AMWdvj-js5DPDiqEjA/closedform', 'Mari bergabung dalam misi pendidikan! bersama-sama, kita memberikan kontribusi positif untuk masa depan anak-anak Indonesia. Ayo jadi relawan literasi, menginspirasi kecintaan pada membaca dan bangun generasi yang lebih cerdas!', 'Keterangan kegiatan C', 1, 2, 1, '089567834576'),
(96, 'Mentor InspiraYouth', 'Penyelenggara X', 'https://indorelawan-production.nos.wjv-1.neo.id/uploads/gallery/2023-10-25/compressed_Activity_1698221109969_IMG20230722153137-2.jpg\r\n', '2023-01-01', 'https://pendaftaran-kegiatan1.com', 'Inspiration Factory lagi buka kegiatan internship untuk jadi mentor program InspiraYouth kami. InspiraYouth ini khusus untuk mempersiapkan Youth dari keluarga marginal untuk bisa siap bekerja dan bersaing di dunia professional. Peran kamu di sini akan lebih banyak menjadi mentor yang melatih keterampilan komunikasi, etika kerja, memecahkan masalah dalam konteks kerja dan juga tentunya bekerja dalam tim.', 'Keterangan kegiatan 1', 2, 2, 1, '089543576512'),
(97, 'Kelas Tahsin Online Khusus Perempuan', 'Penyelenggara Y', 'https://indorelawan-production.nos.wjv-1.neo.id/uploads/gallery/2016-3-28/5721a3e15392249e1acb67fb.jpg', '2023-02-15', 'https://docs.google.com/forms/d/e/1FAIpQLSeLLHck-LZVLRyWgH6dbuWcAKmsKci1qjp5FdTs0wmWeY0lKg/viewform', 'Menuntut ilmu wajib bagi setiap muslim baik laki-laki dan perempuan, mari belajar quran dimulai dari tahsin', 'Keterangan kegiatan 2', 1, 7, 1, '085642573529'),
(98, 'Relawan Kelana Literasi', 'Penyelenggara Z', 'https://indorelawan-production.nos.wjv-1.neo.id/uploads/gallery/2023-11-20/compressed_Activity_1700464332080_flyer-oprec-kelana-literasi.png\r\n', '2023-03-20', 'https://docs.google.com/forms/d/e/1FAIpQLSdc4ikocU8SXha_jFYppVbYHKtyUbJ5AMWdvj-js5DPDiqEjA/closedform', 'Mari bergabung dalam misi pendidikan! bersama-sama, kita memberikan kontribusi positif untuk masa depan anak-anak Indonesia. Ayo jadi relawan literasi, menginspirasi kecintaan pada membaca dan bangun generasi yang lebih cerdas!', 'Keterangan kegiatan 3', 2, 3, 1, '089562453419'),
(99, 'Event Volunteer Literasi Balai Baco Sikola', 'Penyelenggara AA', 'https://indorelawan-production.nos.wjv-1.neo.id/uploads/gallery/2023-11-14/compressed_Activity_1699923198835_feed-ig-bbs-2023--2-.png', '2023-04-05', 'https://docs.google.com/forms/d/e/1FAIpQLSeLLHck-LZVLRyWgH6dbuWcAKmsKci1qjp5FdTs0wmWeY0lKg/viewform', 'Buat kamu mahasiswa, ataupun pemuda Indonesia yang senang melakukan kegiatan sosial.\r\n\r\nMari bergabung dengan kami sebagai Volunteer Literasi dan berkontribusi pada Acara BBS Fair 2023 yang akan diselenggran di Bulan Desember nanti. Bersama, kita dapat membawa literasi lebih dekat ke masyarakat. ', 'Keterangan kegiatan 4', 2, 9, 1, '087654680875'),
(100, 'Volunteer Social Media #ChangingLife', 'Penyelenggara BB', 'https://indorelawan-production.nos.wjv-1.neo.id/uploads/gallery/2023-10-23/compressed_Activity_1698037831871_Relawan-sosmed--2-.jpg\r\n', '2023-05-10', 'https://docs.google.com/forms/d/e/1FAIpQLSdc4ikocU8SXha_jFYppVbYHKtyUbJ5AMWdvj-js5DPDiqEjA/closedform', 'Yuk! bergabung bersama kami untuk membantu menyebarluaskan informasi mengenai Pengobatan Gratis CTEV melalui sosial media, agar informasi ini dapat diterima dan tersosialisasikan kepada anak yang membutuhkan bantuan tersebut #ChangingLife CTEV ', 'Keterangan kegiatan 5', 1, 14, 2, '089725689362'),
(101, 'Volunteer Mentai Psycenter Batch 5', 'Penyelenggara CC', 'https://indorelawan-production.nos.wjv-1.neo.id/uploads/gallery/2023-11-19/compressed_Activity_1700381615877_Copy-of-Operec-Volunteer-Pimpinan-dan-Divisi-Mentari-Psycenter--10-.png', '2023-06-15', 'https://docs.google.com/forms/d/e/1FAIpQLSeLLHck-LZVLRyWgH6dbuWcAKmsKci1qjp5FdTs0wmWeY0lKg/viewform', 'Halooo Sobat Sunshine Mintari ada info yg menarik bgt nih...!🙌🏼\r\nAre You Ready To Be Part Of Mentari Psycenter? 🤩\r\nNah, tunggu apalagi nih sobat sunshine? Yuk, yang tertarik cuss daftarkan diri sekarang juga🥰\r\nMintari tunggu kalian ya menjadi bagian dari keluarga Mentari\r\nPsycenter🙌🏼\r\nSalam sobat sunshine☀', 'Keterangan kegiatan 6', 2, 12, 3, '089652463720'),
(102, 'Relawan Generasi Energi Bersih', 'Penyelenggara D', 'https://indorelawan-production.nos.wjv-1.neo.id/uploads/gallery/2023-11-16/compressed_Activity_1700102034663_2EC07AB4-CD86-43F6-A509-8418F024D27C.jpg', '2023-07-20', 'https://docs.google.com/forms/d/e/1FAIpQLSdc4ikocU8SXha_jFYppVbYHKtyUbJ5AMWdvj-js5DPDiqEjA/closedform', '(GELOMBANG 2) \r\nOpen Recruitment Relawan Generasi Energi Bersih\r\nKeuntungan Menjadi Relawan Generasi Energi Bersih : \r\n1. Berkesempatan memperoleh Community Funded Project \r\n2. Mendapatkan informasi terbaru tentang perkembangan transisi energi di Indonesia \r\n3. Berkesempatan berjejaring dengan Peneliti, Aktivis, Pelajar, Guru, Mahasiswa, dan Dosen yang fokus pada isu pengurangan emisi', 'Keterangan kegiatan 7', 1, 7, 3, '089765432679'),
(103, 'Clean up Trash Hero Jakarta ke-129', 'Penyelenggara E', 'https://indorelawan-production.nos.wjv-1.neo.id/uploads/gallery/2023-11-27/Activity_1701048811615_Jadi-Relawan.jpg', '2023-08-25', 'https://docs.google.com/forms/d/e/1FAIpQLSeLLHck-LZVLRyWgH6dbuWcAKmsKci1qjp5FdTs0wmWeY0lKg/viewform', 'Mari bergabung dan berkontribusi dalam menjaga kebersihan lingkungan kita dengan mengikuti clean up bersama Trash Hero Jakarta. Ayo, tunjukkan kepedulianmu dan bergabunglah dalam gerakan ini. Satu tindakan kecil dari kita dapat membuat perbedaan besar bagi lingkungan kita!', 'Keterangan kegiatan 8', 2, 11, 3, '089367942790'),
(104, 'Gaharu Bumi Innovation Challenge', 'Penyelenggara F', 'https://indorelawan-production.nos.wjv-1.neo.id/uploads/gallery/2023-11-07/compressed_Activity_1699351102191_Ashoka-Indorelawan--1-.png', '2023-09-30', 'https://docs.google.com/forms/d/e/1FAIpQLSdc4ikocU8SXha_jFYppVbYHKtyUbJ5AMWdvj-js5DPDiqEjA/closedform', 'Apakah kamu komunitas/ keluarga/ anak muda (13-24 tahun) yang memiliki insiatif untuk memitigasi krisis iklim? Ingin memperbesar dampak, bertemu dengan jejaring changemakers lingkungan serta mendapatkan dana hingga puluhan juta rupiah? Raih kesempatan itu dengan mengikuti Gaharu Bumi Innovation Challenge dan daftar sebelum tanggal 15 Desember 2023! ', 'Keterangan kegiatan 9', 1, 4, 3, '087653579064'),
(105, 'Human Resources Management', 'Penyelenggara I', 'https://indorelawan-production.nos.wjv-1.neo.id/uploads/gallery/2016-3-28/5721a3f65392249e1acb67fd.jpg', '2023-07-20', 'https://docs.google.com/forms/d/e/1FAIpQLSdc4ikocU8SXha_jFYppVbYHKtyUbJ5AMWdvj-js5DPDiqEjA/closedform', 'ZAKKI is a non-profit foundation, and all ZAKKI teams and volunteers do not receive a salary. For project-based volunteering, the volunteer can include their contribution as part of their portfolio in ZAKKI during project execution and after project completion, as well as e-certification after completion. We also provide recommendation and e-certification for tenure-based volunteering.', 'Keterangan kegiatan 7', 1, 7, 4, '089765432679');

--
-- Indexes for dumped tables
--

--
-- Indeks untuk tabel `admin`
--
ALTER TABLE `admin`
  ADD PRIMARY KEY (`id_admin`);

--
-- Indeks untuk tabel `berita`
--
ALTER TABLE `berita`
  ADD PRIMARY KEY (`id_berita`);

--
-- Indeks untuk tabel `fakultas`
--
ALTER TABLE `fakultas`
  ADD PRIMARY KEY (`id_fakultas`);

--
-- Indeks untuk tabel `status`
--
ALTER TABLE `status`
  ADD PRIMARY KEY (`id_status`);

--
-- Indeks untuk tabel `tipe_kegiatan`
--
ALTER TABLE `tipe_kegiatan`
  ADD PRIMARY KEY (`id_tipe`);

--
-- Indeks untuk tabel `user`
--
ALTER TABLE `user`
  ADD PRIMARY KEY (`id_admin`);

--
-- Indeks untuk tabel `volunteer`
--
ALTER TABLE `volunteer`
  ADD PRIMARY KEY (`id_volunteer`),
  ADD KEY `volunteer_fakultas_fk` (`fakultas_id_fakultas`),
  ADD KEY `volunteer_status_fk` (`status_id_status`),
  ADD KEY `volunteer_tipe_kegiatan_fk` (`tipe_kegiatan_tipe_kegiatan_id`);

--
-- AUTO_INCREMENT untuk tabel yang dibuang
--

--
-- AUTO_INCREMENT untuk tabel `admin`
--
ALTER TABLE `admin`
  MODIFY `id_admin` int(11) NOT NULL AUTO_INCREMENT, AUTO_INCREMENT=6;

--
-- AUTO_INCREMENT untuk tabel `berita`
--
ALTER TABLE `berita`
  MODIFY `id_berita` int(11) NOT NULL AUTO_INCREMENT, AUTO_INCREMENT=13;

--
-- AUTO_INCREMENT untuk tabel `fakultas`
--
ALTER TABLE `fakultas`
  MODIFY `id_fakultas` int(11) NOT NULL AUTO_INCREMENT, AUTO_INCREMENT=15;

--
-- AUTO_INCREMENT untuk tabel `status`
--
ALTER TABLE `status`
  MODIFY `id_status` int(11) NOT NULL AUTO_INCREMENT, AUTO_INCREMENT=3;

--
-- AUTO_INCREMENT untuk tabel `tipe_kegiatan`
--
ALTER TABLE `tipe_kegiatan`
  MODIFY `id_tipe` int(11) NOT NULL AUTO_INCREMENT, AUTO_INCREMENT=5;

--
-- AUTO_INCREMENT untuk tabel `user`
--
ALTER TABLE `user`
  MODIFY `id_admin` int(11) NOT NULL AUTO_INCREMENT, AUTO_INCREMENT=7;

--
-- AUTO_INCREMENT untuk tabel `volunteer`
--
ALTER TABLE `volunteer`
  MODIFY `id_volunteer` int(11) NOT NULL AUTO_INCREMENT, AUTO_INCREMENT=106;

--
-- Ketidakleluasaan untuk tabel pelimpahan (Dumped Tables)
--

--
-- Ketidakleluasaan untuk tabel `volunteer`
--
ALTER TABLE `volunteer`
  ADD CONSTRAINT `volunteer_fakultas_fk` FOREIGN KEY (`fakultas_id_fakultas`) REFERENCES `fakultas` (`id_fakultas`),
  ADD CONSTRAINT `volunteer_status_fk` FOREIGN KEY (`status_id_status`) REFERENCES `status` (`id_status`),
  ADD CONSTRAINT `volunteer_tipe_kegiatan_fk` FOREIGN KEY (`tipe_kegiatan_tipe_kegiatan_id`) REFERENCES `tipe_kegiatan` (`id_tipe`);
COMMIT;

/*!40101 SET CHARACTER_SET_CLIENT=@OLD_CHARACTER_SET_CLIENT */;
/*!40101 SET CHARACTER_SET_RESULTS=@OLD_CHARACTER_SET_RESULTS */;
/*!40101 SET COLLATION_CONNECTION=@OLD_COLLATION_CONNECTION */;
